date,well_id,oil_rate_bpd,water_rate_bpd,gor_scf_bbl,wellhead_pressure_psi,bottomhole_pressure_psi,temperature_c,water_cut_pct,choke_size_pct
2008-01-01,15/9-F-1C,2756.4,277.7,667.9,1256.9,3113.8,82.1,9.2,80.0
2008-01-02,15/9-F-1C,2883.4,291.1,596.3,1248.0,3096.7,81.9,9.2,80.0
2008-01-03,15/9-F-1C,3082.2,311.8,645.4,1250.6,3102.5,82.3,9.2,80.0
2008-01-04,15/9-F-1C,2841.0,288.0,625.7,1257.9,3117.7,82.2,9.2,80.0
2008-01-05,15/9-F-1C,2808.9,285.4,621.2,1244.0,3090.3,81.2,9.2,80.0
2008-01-06,15/9-F-1C,3042.0,309.7,645.3,1251.6,3106.3,81.9,9.2,80.0
2008-01-07,15/9-F-1C,2870.8,292.9,651.5,1239.5,3082.6,82.6,9.3,80.0
2008-01-08,15/9-F-1C,2960.8,302.8,628.4,1235.2,3074.5,83.0,9.3,80.0
2008-01-09,15/9-F-1C,2697.7,276.5,631.8,1240.3,3085.3,83.3,9.3,80.0
2008-01-10,15/9-F-1C,3060.8,314.4,562.8,1247.0,3099.3,81.8,9.3,80.0
2008-01-11,15/9-F-1C,2825.8,291.0,622.6,1249.0,3104.0,83.9,9.3,80.0
2008-01-12,15/9-F-1C,2902.4,299.6,598.4,1251.3,3109.2,82.4,9.4,80.0
2008-01-13,15/9-F-1C,2769.5,286.5,655.2,1242.5,3092.2,82.8,9.4,80.0
2008-01-14,15/9-F-1C,2770.2,287.3,630.3,1251.5,3110.7,83.3,9.4,80.0
2008-01-15,15/9-F-1C,2862.1,297.5,606.0,1226.0,3060.4,83.8,9.4,80.0
2008-01-16,15/9-F-1C,2963.9,308.9,615.0,1244.0,3096.9,83.5,9.4,80.0
2008-01-17,15/9-F-1C,3099.9,323.9,614.3,1241.1,3091.8,83.9,9.5,80.0
2008-01-18,15/9-F-1C,2911.8,305.0,641.2,1219.0,3048.3,82.4,9.5,80.0
2008-01-19,15/9-F-1C,2838.7,298.1,585.6,1238.1,3086.9,84.0,9.5,80.0
2008-01-20,15/9-F-1C,2728.2,287.2,594.6,1228.5,3068.3,83.7,9.5,80.0
2008-01-21,15/9-F-1C,2823.2,298.0,607.6,1230.4,3072.8,84.8,9.5,80.0
2008-01-22,15/9-F-1C,2945.4,311.7,621.9,1213.8,3040.1,84.0,9.6,80.0
2008-01-23,15/9-F-1C,2888.1,306.5,588.4,1226.1,3065.4,83.9,9.6,80.0
2008-01-24,15/9-F-1C,2857.8,304.1,603.0,1227.2,3068.1,85.4,9.6,80.0
2008-01-25,15/9-F-1C,2869.1,306.1,638.2,1229.8,3074.0,84.6,9.6,80.0
2008-01-26,15/9-F-1C,2830.5,302.9,619.4,1219.1,3053.1,84.8,9.7,80.0
2008-01-27,15/9-F-1C,2879.0,308.9,638.8,1221.5,3058.6,83.6,9.7,80.0
2008-01-28,15/9-F-1C,2747.7,295.7,655.5,1215.3,3046.8,85.3,9.7,80.0
2008-01-28,15/9-F-1C,2942.6,317.6,595.9,1216.6,3049.9,85.1,9.7,80.0
2008-01-28,15/9-F-1C,2708.0,293.1,630.1,1215.1,3047.6,83.7,9.8,80.0
2008-01-01,15/9-F-1C,2695.5,292.6,642.4,1233.8,3085.5,85.0,9.8,80.0
2008-02-02,15/9-F-1C,2673.5,291.1,594.9,1234.1,3086.7,84.8,9.8,80.0
2008-02-03,15/9-F-1C,2829.7,309.0,619.8,1226.5,3072.3,84.4,9.8,80.0
2008-02-04,15/9-F-1C,2991.5,327.7,629.5,1221.6,3063.1,85.0,9.9,80.0
2008-02-05,15/9-F-1C,2628.6,288.8,628.7,1214.1,3048.5,84.6,9.9,80.0
2008-02-06,15/9-F-1C,2703.5,298.0,569.3,1226.6,3074.2,84.3,9.9,80.0
2008-02-07,15/9-F-1C,2446.5,270.5,604.3,1219.5,3060.7,85.4,10.0,80.0
2008-02-08,15/9-F-1C,2922.1,324.2,633.3,1218.3,3058.9,84.5,10.0,80.0
2008-02-09,15/9-F-1C,2895.3,322.2,606.0,1216.6,3055.9,85.7,10.0,80.0
2008-02-10,15/9-F-1C,2475.5,276.4,649.1,1223.8,3070.9,85.3,10.0,80.0
2008-02-11,15/9-F-1C,2535.5,284.1,646.7,1222.0,3068.0,85.3,10.1,80.0
2008-02-12,15/9-F-1C,2865.0,322.1,662.7,1210.2,3045.0,85.3,10.1,80.0
2008-02-13,15/9-F-1C,2636.9,297.4,644.4,1217.1,3059.4,86.8,10.1,80.0
2008-02-14,15/9-F-1C,2603.4,294.7,609.6,1203.2,3032.2,84.8,10.2,80.0
2008-02-15,15/9-F-1C,2756.3,313.1,648.3,1204.1,3034.7,86.1,10.2,80.0
2008-02-16,15/9-F-1C,2553.4,291.0,634.0,1201.0,3029.1,86.2,10.2,80.0
2008-02-17,15/9-F-1C,2852.6,326.3,648.8,1198.4,3024.4,86.0,10.3,80.0
2008-02-18,15/9-F-1C,2740.8,314.6,635.3,1190.6,3009.3,85.4,10.3,80.0
2008-02-19,15/9-F-1C,2625.7,302.5,665.1,1215.3,3059.4,85.4,10.3,80.0
2008-02-20,15/9-F-1C,2565.9,296.7,644.5,1208.8,3047.1,85.2,10.4,80.0
2008-02-21,15/9-F-1C,2673.1,310.3,591.9,1206.1,3042.1,85.5,10.4,80.0
2008-02-22,15/9-F-1C,2556.7,297.9,644.2,1211.3,3053.2,85.8,10.4,80.0
2008-02-23,15/9-F-1C,2668.0,312.0,639.0,1210.2,3051.7,87.9,10.5,80.0
2008-02-24,15/9-F-1C,2717.2,319.0,636.2,1201.6,3034.9,87.0,10.5,80.0
2008-02-25,15/9-F-1C,2672.8,315.0,658.5,1200.2,3032.8,86.4,10.5,80.0
2008-02-26,15/9-F-1C,2467.3,291.9,620.8,1201.6,3036.1,86.5,10.6,80.0
2008-02-27,15/9-F-1C,2802.6,332.9,659.0,1192.2,3018.0,86.2,10.6,80.0
2008-02-28,15/9-F-1C,2748.4,327.8,664.6,1202.6,3039.3,86.2,10.7,80.0
2008-02-28,15/9-F-1C,2553.0,305.8,636.1,1199.4,3033.6,86.5,10.7,80.0
2008-02-28,15/9-F-1C,2735.0,328.9,620.4,1202.1,3039.5,85.4,10.7,80.0
2008-02-01,15/9-F-1C,2733.1,330.0,582.4,1195.8,3027.5,86.4,10.8,80.0
2008-03-02,15/9-F-1C,2557.6,310.2,622.2,1202.8,3042.2,86.8,10.8,80.0
2008-03-03,15/9-F-1C,2923.6,356.0,604.4,1192.8,3022.8,87.2,10.9,80.0
2008-03-04,15/9-F-1C,2696.2,329.8,584.8,1185.4,3008.5,85.8,10.9,80.0
2008-03-05,15/9-F-1C,2476.3,304.2,636.6,1187.8,3014.0,86.5,10.9,80.0
2008-03-06,15/9-F-1C,2426.2,299.3,598.7,1189.4,3017.8,86.1,11.0,80.0
2008-03-07,15/9-F-1C,2589.9,320.9,642.8,1191.9,3023.3,85.5,11.0,80.0
2008-03-08,15/9-F-1C,2744.1,341.6,606.5,1186.0,3012.2,85.5,11.1,80.0
2008-03-09,15/9-F-1C,2595.7,324.6,654.4,1189.8,3020.3,86.3,11.1,80.0
2008-03-10,15/9-F-1C,2769.8,347.9,590.4,1198.6,3038.7,87.6,11.2,80.0
2008-03-11,15/9-F-1C,2488.1,314.0,603.2,1196.8,3035.6,87.1,11.2,80.0
2008-03-12,15/9-F-1C,2696.2,341.8,626.7,1178.9,3000.4,88.1,11.3,80.0
2008-03-13,15/9-F-1C,2340.7,298.2,641.9,1189.7,3022.7,87.5,11.3,80.0
2008-03-14,15/9-F-1C,2569.2,328.8,661.4,1173.8,2991.5,87.0,11.3,80.0
2008-03-15,15/9-F-1C,2385.4,306.8,589.4,1193.9,3032.2,87.6,11.4,80.0
2008-03-16,15/9-F-1C,2512.8,324.7,597.0,1187.1,3019.2,85.3,11.4,80.0
2008-03-17,15/9-F-1C,2591.4,336.5,616.3,1190.0,3025.6,87.0,11.5,80.0
2008-03-18,15/9-F-1C,2430.1,317.1,629.9,1181.5,3009.1,87.9,11.5,80.0
2008-03-19,15/9-F-1C,2600.9,341.1,614.8,1191.1,3029.0,87.1,11.6,80.0
2008-03-20,15/9-F-1C,2635.4,347.4,605.7,1185.6,3018.5,86.5,11.6,80.0
2008-03-21,15/9-F-1C,2406.4,318.8,639.6,1170.1,2988.1,87.2,11.7,80.0
2008-03-22,15/9-F-1C,2418.6,322.1,607.1,1176.7,3002.0,86.8,11.8,80.0
2008-03-23,15/9-F-1C,2479.3,331.9,670.1,1181.1,3011.4,87.0,11.8,80.0
2008-03-24,15/9-F-1C,2390.8,321.7,636.5,1174.0,2997.9,85.9,11.9,80.0
2008-03-25,15/9-F-1C,2249.1,304.3,623.3,1183.4,3017.3,87.5,11.9,80.0
2008-03-26,15/9-F-1C,2468.8,335.8,632.3,1162.8,2976.7,86.1,12.0,80.0
2008-03-27,15/9-F-1C,2445.2,334.4,589.8,1160.3,2972.1,88.1,12.0,80.0
2008-03-28,15/9-F-1C,2345.6,322.5,683.9,1162.3,2976.8,87.3,12.1,80.0
2008-03-28,15/9-F-1C,2383.0,329.4,627.7,1163.1,2979.0,85.9,12.1,80.0
2008-03-28,15/9-F-1C,2618.0,364.0,617.1,1183.6,3020.5,87.4,12.2,80.0
2008-03-01,15/9-F-1C,2533.5,354.2,647.6,1170.9,2995.9,87.7,12.3,80.0
2008-03-02,15/9-F-1C,2399.5,337.3,641.4,1171.8,2998.2,85.3,12.3,80.0
2008-04-03,15/9-F-1C,2429.8,343.5,647.1,1170.0,2995.3,87.9,12.4,80.0
2008-04-04,15/9-F-1C,2334.6,332.0,644.7,1162.9,2981.7,86.7,12.5,80.0
2008-04-05,15/9-F-1C,2266.7,324.2,675.1,1174.2,3004.8,87.3,12.5,80.0
2008-04-06,15/9-F-1C,2195.7,315.9,609.7,1174.7,3006.5,86.9,12.6,80.0
2008-04-07,15/9-F-1C,2651.6,383.8,653.3,1158.5,2974.6,87.9,12.6,80.0
2008-04-08,15/9-F-1C,2445.8,356.1,649.6,1161.9,2982.0,88.2,12.7,80.0
2008-04-09,15/9-F-1C,2529.3,370.5,657.1,1165.0,2988.8,86.2,12.8,80.0
2008-04-10,15/9-F-1C,2329.8,343.3,667.5,1149.9,2959.1,88.0,12.8,80.0
2008-04-11,15/9-F-1C,2365.1,350.7,641.6,1161.3,2982.7,86.9,12.9,80.0
2008-04-12,15/9-F-1C,2416.6,360.5,663.9,1159.8,2980.2,85.6,13.0,80.0
2008-04-13,15/9-F-1C,2412.0,362.1,589.5,1152.1,2965.5,88.3,13.1,80.0
2008-04-14,15/9-F-1C,2347.7,354.6,628.8,1162.2,2986.2,87.2,13.1,80.0
2008-04-15,15/9-F-1C,2336.0,355.1,668.6,1155.6,2973.6,86.0,13.2,80.0
2008-04-16,15/9-F-1C,2415.5,369.5,610.3,1169.0,3000.9,88.0,13.3,80.0
2008-04-17,15/9-F-1C,2240.1,344.9,677.0,1157.0,2977.6,86.8,13.3,80.0
2008-04-18,15/9-F-1C,2459.4,381.1,600.5,1170.4,3005.0,88.0,13.4,80.0
2008-04-19,15/9-F-1C,2422.3,377.8,632.8,1162.9,2990.6,87.5,13.5,80.0
2008-04-20,15/9-F-1C,2243.3,352.2,604.5,1141.5,2948.4,87.4,13.6,80.0
2008-04-21,15/9-F-1C,2356.3,372.5,620.6,1160.2,2986.4,86.8,13.6,80.0
2008-04-22,15/9-F-1C,2355.9,374.9,633.0,1155.6,2977.8,88.0,13.7,80.0
2008-04-23,15/9-F-1C,2229.9,357.2,609.9,1152.0,2971.3,86.2,13.8,80.0
2008-04-24,15/9-F-1C,2410.1,388.7,593.2,1149.7,2967.3,85.9,13.9,80.0
2008-04-25,15/9-F-1C,2227.3,361.7,603.3,1145.3,2959.1,87.8,14.0,80.0
2008-04-26,15/9-F-1C,2211.2,361.6,613.7,1154.8,2978.7,85.3,14.1,80.0
2008-04-27,15/9-F-1C,2259.0,372.0,611.0,1142.4,2954.4,87.6,14.1,80.0
2008-04-28,15/9-F-1C,2349.7,389.7,674.4,1150.6,2971.5,86.1,14.2,80.0
2008-04-28,15/9-F-1C,2187.4,365.3,650.9,1155.4,2981.7,86.0,14.3,80.0
2008-04-28,15/9-F-1C,2225.6,374.4,640.7,1151.0,2973.4,87.3,14.4,80.0
2008-04-01,15/9-F-1C,2359.4,399.7,617.3,1130.5,2932.9,87.0,14.5,80.0
2008-04-02,15/9-F-1C,2276.7,388.5,667.5,1148.7,2970.0,86.4,14.6,80.0
2008-05-03,15/9-F-1C,2270.8,390.3,639.7,1124.0,2921.2,85.9,14.7,80.0
2008-05-04,15/9-F-1C,2040.8,353.4,595.5,1137.1,2948.1,86.7,14.8,80.0
2008-05-05,15/9-F-1C,2222.4,387.7,655.2,1143.2,2960.8,86.9,14.9,80.0
2008-05-06,15/9-F-1C,2212.4,388.8,668.1,1150.6,2976.3,86.6,14.9,80.0
2008-05-07,15/9-F-1C,2105.2,372.8,614.6,1133.0,2941.6,85.9,15.0,80.0
2008-05-08,15/9-F-1C,2145.8,382.8,669.0,1137.1,2950.4,84.4,15.1,80.0
2008-05-09,15/9-F-1C,2355.6,423.5,602.2,1146.9,2970.7,85.3,15.2,80.0
2008-05-10,15/9-F-1C,2135.6,386.9,676.2,1124.0,2925.4,86.0,15.3,80.0
2008-05-11,15/9-F-1C,2323.7,424.2,624.1,1135.2,2948.4,86.2,15.4,80.0
2008-05-12,15/9-F-1C,2483.9,457.0,638.9,1129.2,2937.0,85.7,15.5,80.0
2008-05-13,15/9-F-1C,2111.9,391.6,649.3,1138.6,2956.4,85.8,15.6,80.0
2008-05-14,15/9-F-1C,2283.7,426.8,620.1,1133.5,2946.8,84.6,15.7,80.0
2008-05-15,15/9-F-1C,2189.5,412.4,623.4,1130.7,2941.7,85.1,15.9,80.0
2008-05-16,15/9-F-1C,2404.6,456.6,618.2,1117.6,2916.3,85.7,16.0,80.0
2008-05-17,15/9-F-1C,2186.8,418.6,654.5,1136.1,2953.7,85.5,16.1,80.0
2008-05-18,15/9-F-1C,2082.3,401.8,657.1,1131.4,2945.0,84.2,16.2,80.0
2008-05-19,15/9-F-1C,2305.8,448.5,632.7,1124.9,2932.5,84.7,16.3,80.0
2008-05-20,15/9-F-1C,2175.6,426.7,626.6,1137.6,2958.6,84.8,16.4,80.0
2008-05-21,15/9-F-1C,2112.1,417.6,676.9,1133.9,2951.7,85.1,16.5,80.0
2008-05-22,15/9-F-1C,2294.6,457.5,603.0,1132.8,2950.1,85.5,16.6,80.0
2008-05-23,15/9-F-1C,2050.0,412.1,677.2,1130.6,2946.4,85.3,16.7,80.0
2008-05-24,15/9-F-1C,2067.2,419.1,665.9,1123.5,2932.8,84.4,16.9,80.0
2008-05-25,15/9-F-1C,2003.8,409.7,628.8,1128.6,2943.5,83.8,17.0,80.0
2008-05-26,15/9-F-1C,2056.9,424.1,675.2,1117.2,2921.5,84.4,17.1,80.0
2008-05-27,15/9-F-1C,1980.8,411.9,625.1,1118.0,2923.6,85.6,17.2,80.0
2008-05-28,15/9-F-1C,2173.6,455.9,647.4,1122.5,2933.1,85.5,17.3,80.0
2008-05-28,15/9-F-1C,2019.4,427.3,626.4,1117.6,2923.9,85.9,17.5,80.0
2008-05-28,15/9-F-1C,2095.2,447.2,667.6,1106.3,2901.9,84.9,17.6,80.0
2008-05-01,15/9-F-1C,1967.9,423.7,680.2,1112.3,2914.7,84.3,17.7,80.0
2008-05-02,15/9-F-1C,2135.4,463.8,638.3,1127.7,2945.9,84.5,17.8,80.0
2008-05-03,15/9-F-1C,2127.7,466.2,641.5,1107.7,2906.6,84.6,18.0,80.0
2008-06-04,15/9-F-1C,2140.3,473.1,639.2,1128.5,2948.9,84.2,18.1,80.0
2008-06-05,15/9-F-1C,2023.0,451.2,642.5,1111.1,2914.6,83.1,18.2,80.0
2008-06-06,15/9-F-1C,2254.2,507.3,654.8,1115.9,2924.7,84.7,18.4,80.0
2008-06-07,15/9-F-1C,2176.1,494.2,586.2,1099.7,2892.9,85.5,18.5,80.0
2008-06-08,15/9-F-1C,1966.5,450.7,620.5,1107.7,2909.5,83.5,18.6,80.0
2008-06-09,15/9-F-1C,1842.4,426.1,634.7,1117.3,2929.5,84.1,18.8,80.0
2008-06-10,15/9-F-1C,2140.1,499.5,632.8,1102.3,2899.9,83.6,18.9,80.0
2008-06-11,15/9-F-1C,2082.7,490.6,632.1,1118.0,2932.0,83.3,19.1,80.0
2008-06-12,15/9-F-1C,1932.0,459.3,652.3,1110.6,2917.7,82.9,19.2,80.0
2008-06-13,15/9-F-1C,2080.9,499.3,672.2,1105.8,2908.8,84.7,19.4,80.0
2008-06-14,15/9-F-1C,2115.7,512.5,649.3,1092.4,2882.5,83.0,19.5,80.0
2008-06-15,15/9-F-1C,1929.1,471.7,633.9,1105.8,2910.0,84.7,19.6,80.0
2008-06-16,15/9-F-1C,2064.1,509.4,656.6,1096.5,2892.0,83.2,19.8,80.0
2008-06-17,15/9-F-1C,2013.1,501.6,661.7,1106.1,2911.9,82.0,19.9,80.0
2008-06-18,15/9-F-1C,1851.7,465.8,638.9,1106.0,2912.2,84.4,20.1,80.0
2008-06-19,15/9-F-1C,1919.8,487.6,623.2,1094.5,2889.9,83.1,20.3,80.0
2008-06-20,15/9-F-1C,2035.5,522.0,627.6,1098.8,2899.1,82.6,20.4,80.0
2008-06-21,15/9-F-1C,1999.9,517.8,644.3,1094.8,2891.7,83.0,20.6,80.0
2008-06-22,15/9-F-1C,2022.9,528.9,634.5,1098.2,2899.0,82.9,20.7,80.0
2008-06-23,15/9-F-1C,2017.5,532.6,637.5,1085.4,2873.9,81.3,20.9,80.0
2008-06-24,15/9-F-1C,1975.4,526.6,629.0,1102.0,2907.7,83.0,21.0,80.0
2008-06-25,15/9-F-1C,1993.1,536.6,630.7,1092.3,2889.1,83.1,21.2,80.0
2008-06-26,15/9-F-1C,1847.5,502.3,640.1,1079.1,2863.1,81.8,21.4,80.0
2008-06-27,15/9-F-1C,1910.8,524.7,634.3,1093.3,2892.2,81.5,21.5,80.0
2008-06-28,15/9-F-1C,1921.7,533.0,627.6,1089.0,2884.2,80.2,21.7,80.0
2008-06-28,15/9-F-1C,1718.7,481.5,651.0,1089.6,2886.1,81.8,21.9,80.0
2008-06-28,15/9-F-1C,1938.9,548.6,608.6,1089.4,2886.3,80.5,22.1,80.0
2008-06-01,15/9-F-1C,1758.7,502.7,628.0,1090.2,2888.4,83.1,22.2,80.0
2008-06-02,15/9-F-1C,1885.4,544.4,683.8,1096.2,2901.1,79.9,22.4,80.0
2008-06-03,15/9-F-1C,1771.3,516.7,669.1,1090.1,2889.4,83.2,22.6,80.0
2008-07-04,15/9-F-1C,1747.7,515.0,643.8,1086.1,2882.1,81.0,22.8,80.0
2008-07-05,15/9-F-1C,1997.8,594.7,694.5,1080.5,2871.4,81.6,22.9,80.0
2008-07-06,15/9-F-1C,2000.2,601.6,609.6,1077.5,2865.9,81.6,23.1,80.0
2008-07-07,15/9-F-1C,1946.9,591.6,605.9,1080.8,2873.1,81.0,23.3,80.0
2008-07-08,15/9-F-1C,1904.5,584.8,637.8,1091.5,2895.1,81.6,23.5,80.0
2008-07-09,15/9-F-1C,1880.6,583.5,621.5,1085.9,2884.7,82.3,23.7,80.0
2008-07-10,15/9-F-1C,2026.6,635.3,642.4,1083.3,2879.9,80.2,23.9,80.0
2008-07-11,15/9-F-1C,1852.4,586.8,666.0,1082.1,2878.3,80.9,24.1,80.0
2008-07-12,15/9-F-1C,1946.4,623.1,665.7,1068.8,2852.2,80.6,24.3,80.0
2008-07-13,15/9-F-1C,2048.9,662.9,676.3,1071.9,2858.9,82.0,24.4,80.0
2008-07-14,15/9-F-1C,1817.0,594.1,671.1,1079.5,2874.9,80.8,24.6,80.0
2008-07-15,15/9-F-1C,1707.5,564.2,668.7,1076.1,2868.7,80.7,24.8,80.0
2008-07-16,15/9-F-1C,1815.6,606.3,659.2,1090.0,2897.0,81.2,25.0,80.0
2008-07-17,15/9-F-1C,1974.5,666.5,629.2,1073.4,2864.4,78.7,25.2,80.0
2008-07-18,15/9-F-1C,1742.9,594.6,689.4,1069.3,2856.8,81.5,25.4,80.0
2008-07-19,15/9-F-1C,1744.2,601.5,671.2,1063.0,2844.7,81.1,25.6,80.0
2008-07-20,15/9-F-1C,1824.9,636.1,636.9,1071.7,2862.8,81.0,25.8,80.0
2008-07-21,15/9-F-1C,1722.7,607.0,667.7,1063.8,2847.7,80.8,26.1,80.0
2008-07-22,15/9-F-1C,1619.5,576.8,620.6,1061.4,2843.4,80.3,26.3,80.0
2008-07-23,15/9-F-1C,1658.7,597.3,617.8,1070.2,2861.5,80.4,26.5,80.0
2008-07-24,15/9-F-1C,1753.9,638.5,638.8,1067.1,2856.0,80.3,26.7,80.0
2008-07-25,15/9-F-1C,1854.9,682.6,649.3,1056.4,2835.1,81.0,26.9,80.0
2008-07-26,15/9-F-1C,1600.0,595.3,650.8,1061.4,2845.8,80.2,27.1,80.0
2008-07-27,15/9-F-1C,1917.4,721.2,660.7,1062.0,2847.5,80.4,27.3,80.0
2008-07-28,15/9-F-1C,1785.8,679.2,646.3,1069.0,2862.1,80.1,27.6,80.0
2008-07-28,15/9-F-1C,1797.7,691.3,644.9,1061.1,2846.9,79.6,27.8,80.0
2008-07-28,15/9-F-1C,1686.1,655.6,678.1,1059.1,2843.6,80.7,28.0,80.0
2008-07-01,15/9-F-1C,1701.4,668.9,657.0,1056.6,2839.3,79.6,28.2,80.0
2008-07-02,15/9-F-1C,1615.2,642.1,621.1,1062.0,2850.7,79.7,28.4,80.0
2008-07-03,15/9-F-1C,1824.4,733.4,657.0,1052.4,2831.9,78.2,28.7,80.0
2008-07-04,15/9-F-1C,1750.4,711.5,667.7,1053.6,2835.1,79.4,28.9,80.0
2008-08-05,15/9-F-1C,1750.7,719.6,611.1,1060.5,2849.5,79.0,29.1,80.0
2008-08-06,15/9-F-1C,1541.2,640.7,677.5,1058.8,2846.5,79.6,29.4,80.0
2008-08-07,15/9-F-1C,1816.5,763.6,627.0,1055.0,2839.6,78.3,29.6,80.0
2008-08-08,15/9-F-1C,1953.8,830.6,702.0,1056.5,2843.2,78.5,29.8,80.0
2008-08-09,15/9-F-1C,1521.3,654.1,681.7,1061.5,2853.9,79.6,30.1,80.0
2008-08-10,15/9-F-1C,1575.0,684.9,657.5,1052.5,2836.4,78.4,30.3,80.0
2008-08-11,15/9-F-1C,1696.1,745.9,640.1,1041.2,2814.3,78.5,30.5,80.0
2008-08-12,15/9-F-1C,1680.4,747.5,662.5,1065.3,2863.3,78.2,30.8,80.0
2008-08-13,15/9-F-1C,1862.4,837.9,618.5,1045.6,2824.3,78.9,31.0,80.0
2008-08-14,15/9-F-1C,1632.3,742.8,674.5,1049.9,2833.7,78.2,31.3,80.0
2008-08-15,15/9-F-1C,1673.4,770.2,612.4,1048.1,2830.6,79.0,31.5,80.0
2008-08-16,15/9-F-1C,1679.1,781.7,666.6,1053.5,2842.1,78.2,31.8,80.0
2008-08-17,15/9-F-1C,1599.8,753.4,695.0,1036.4,2808.4,77.7,32.0,80.0
2008-08-18,15/9-F-1C,1547.6,737.2,674.2,1043.6,2823.4,80.0,32.3,80.0
2008-08-19,15/9-F-1C,1572.3,757.6,657.3,1033.4,2803.6,78.9,32.5,80.0
2008-08-20,15/9-F-1C,1587.5,773.8,677.5,1040.4,2818.2,80.0,32.8,80.0
2008-08-21,15/9-F-1C,1561.4,769.9,676.9,1038.2,2814.4,77.5,33.0,80.0
2008-08-22,15/9-F-1C,1514.8,755.6,639.7,1039.1,2816.9,79.6,33.3,80.0
2008-08-23,15/9-F-1C,1523.1,768.5,643.1,1034.8,2808.7,77.2,33.5,80.0
2008-08-24,15/9-F-1C,1499.0,765.2,634.2,1039.8,2819.4,77.4,33.8,80.0
2008-08-25,15/9-F-1C,1618.8,836.0,653.2,1029.3,2798.9,78.7,34.1,80.0
2008-08-26,15/9-F-1C,1661.3,867.9,669.8,1042.2,2825.5,76.8,34.3,80.0
2008-08-27,15/9-F-1C,1456.5,769.8,654.7,1034.6,2810.9,79.3,34.6,80.0
2008-08-28,15/9-F-1C,1397.4,747.2,635.3,1022.6,2787.3,78.3,34.8,80.0
2008-08-28,15/9-F-1C,1443.5,780.9,648.2,1037.6,2818.1,78.4,35.1,80.0
2008-08-28,15/9-F-1C,1486.8,813.8,697.0,1041.3,2825.9,79.3,35.4,80.0
2008-08-01,15/9-F-1C,1493.4,827.0,660.4,1040.4,2824.9,77.5,35.6,80.0
2008-08-02,15/9-F-1C,1580.8,885.6,591.6,1016.0,2776.6,79.1,35.9,80.0
2008-08-03,15/9-F-1C,1516.0,859.3,660.6,1031.5,2808.2,78.6,36.2,80.0
2008-08-04,15/9-F-1C,1453.9,833.8,638.5,1034.2,2814.2,78.3,36.4,80.0
2008-09-05,15/9-F-1C,1471.7,853.9,659.9,1023.7,2793.7,77.0,36.7,80.0
2008-09-06,15/9-F-1C,1350.0,792.6,668.0,1035.7,2818.4,78.0,37.0,80.0
2008-09-07,15/9-F-1C,1457.9,866.0,662.2,1018.7,2784.9,77.7,37.3,80.0
2008-09-08,15/9-F-1C,1417.3,851.8,657.8,1025.3,2798.8,77.1,37.5,80.0
2008-09-09,15/9-F-1C,1442.3,877.1,644.9,1037.7,2824.2,77.8,37.8,80.0
2008-09-10,15/9-F-1C,1365.3,840.1,685.8,1034.5,2818.3,79.7,38.1,80.0
2008-09-11,15/9-F-1C,1301.3,810.2,655.5,1027.5,2805.0,77.7,38.4,80.0
2008-09-12,15/9-F-1C,1290.1,812.7,618.3,1018.0,2786.5,77.7,38.6,80.0
2008-09-13,15/9-F-1C,1424.4,907.9,652.0,1035.0,2821.3,75.9,38.9,80.0
2008-09-14,15/9-F-1C,1225.0,790.1,645.1,1013.8,2779.4,78.4,39.2,80.0
2008-09-15,15/9-F-1C,1468.7,958.5,711.6,1019.7,2791.7,77.0,39.5,80.0
2008-09-16,15/9-F-1C,1201.1,793.2,705.5,1027.9,2808.8,78.4,39.8,80.0
2008-09-17,15/9-F-1C,1433.6,958.0,668.7,1032.3,2818.3,77.1,40.1,80.0
2008-09-18,15/9-F-1C,1524.9,1031.0,645.2,1027.7,2809.5,76.1,40.3,80.0
2008-09-19,15/9-F-1C,1313.8,898.8,611.2,1016.1,2787.0,77.2,40.6,80.0
2008-09-20,15/9-F-1C,1258.2,871.0,658.8,1009.4,2774.1,78.2,40.9,80.0
2008-09-21,15/9-F-1C,1288.8,902.8,681.9,1019.6,2795.1,77.9,41.2,80.0
2008-09-22,15/9-F-1C,1220.6,865.2,667.0,1007.5,2771.6,76.6,41.5,80.0
2008-09-23,15/9-F-1C,1204.0,863.6,636.4,1013.5,2784.3,76.1,41.8,80.0
2008-09-24,15/9-F-1C,1347.9,978.2,631.2,999.7,2757.3,77.4,42.1,80.0
2008-09-25,15/9-F-1C,1270.2,932.8,665.2,1002.2,2762.7,76.5,42.3,80.0
2008-09-26,15/9-F-1C,1225.6,910.8,623.9,1007.3,2773.6,78.2,42.6,80.0
2008-09-27,15/9-F-1C,1326.8,997.7,676.9,1020.2,2800.0,76.8,42.9,80.0
2008-09-28,15/9-F-1C,1302.1,990.7,674.7,1004.9,2770.1,78.3,43.2,80.0
2008-09-28,15/9-F-1C,1347.0,1037.1,671.5,999.7,2760.2,76.4,43.5,80.0
2008-09-28,15/9-F-1C,1119.0,871.7,626.4,1014.8,2791.0,77.6,43.8,80.0
2008-09-01,15/9-F-1C,1221.3,962.7,694.1,1021.7,2805.5,78.2,44.1,80.0
2008-09-02,15/9-F-1C,1063.7,848.5,619.5,1004.1,2770.7,76.6,44.4,80.0
2008-09-03,15/9-F-1C,1301.9,1050.7,691.6,1003.0,2769.3,76.9,44.7,80.0
2008-09-04,15/9-F-1C,1175.6,960.1,611.9,1004.6,2772.9,76.9,45.0,80.0
2008-09-05,15/9-F-1C,1176.8,972.4,687.0,1004.2,2772.7,75.9,45.2,80.0
2008-10-06,15/9-F-1C,1219.1,1019.4,637.6,1009.8,2784.7,77.3,45.5,80.0
2008-10-07,15/9-F-1C,1121.2,948.6,670.7,1003.5,2772.6,76.4,45.8,80.0
2008-10-08,15/9-F-1C,1309.8,1121.3,632.3,1005.8,2777.9,77.6,46.1,80.0
2008-10-09,15/9-F-1C,1051.7,911.0,634.2,998.0,2762.8,76.7,46.4,80.0
2008-10-10,15/9-F-1C,1371.7,1202.2,672.4,1009.3,2785.9,77.1,46.7,80.0
2008-10-11,15/9-F-1C,1194.9,1059.6,606.3,986.7,2741.5,77.4,47.0,80.0
2008-10-12,15/9-F-1C,1108.0,994.1,677.1,1001.1,2770.8,77.1,47.3,80.0
2008-10-13,15/9-F-1C,1177.8,1069.2,685.4,999.0,2767.2,77.8,47.6,80.0
2008-10-14,15/9-F-1C,1065.8,979.0,653.8,1003.0,2775.7,77.3,47.9,80.0
2008-10-15,15/9-F-1C,932.5,866.6,652.0,983.3,2736.9,76.0,48.2,80.0
2008-10-16,15/9-F-1C,1215.3,1142.8,657.3,1004.4,2779.7,76.2,48.5,80.0
2008-10-17,15/9-F-1C,1095.4,1042.1,695.6,993.5,2758.6,78.3,48.8,80.0
2008-10-18,15/9-F-1C,976.9,940.3,680.1,979.5,2731.3,77.5,49.0,80.0
2008-10-19,15/9-F-1C,1124.0,1094.6,658.0,995.3,2763.5,77.3,49.3,80.0
2008-10-20,15/9-F-1C,1243.7,1225.4,710.5,991.5,2756.5,78.0,49.6,80.0
2008-10-21,15/9-F-1C,1277.0,1272.9,686.6,979.9,2733.8,77.3,49.9,80.0
2008-10-22,15/9-F-1C,1115.2,1124.6,648.5,989.3,2753.2,77.2,50.2,80.0
2008-10-23,15/9-F-1C,1021.1,1041.8,672.3,991.8,2758.9,76.7,50.5,80.0
2008-10-24,15/9-F-1C,1028.4,1061.5,661.1,990.8,2757.3,78.5,50.8,80.0
2008-10-25,15/9-F-1C,1101.4,1150.1,679.7,978.8,2734.0,77.8,51.1,80.0
2008-10-26,15/9-F-1C,1099.2,1161.1,685.3,966.7,2710.5,77.1,51.4,80.0
2008-10-27,15/9-F-1C,989.1,1056.9,618.6,988.7,2755.1,77.8,51.7,80.0
2008-10-28,15/9-F-1C,961.9,1039.8,677.0,991.5,2761.1,76.2,51.9,80.0
2008-10-28,15/9-F-1C,1063.7,1163.1,678.0,995.1,2769.0,76.9,52.2,80.0
2008-10-28,15/9-F-1C,787.5,871.1,640.0,985.3,2750.0,74.9,52.5,80.0
2008-10-01,15/9-F-1C,1016.7,1137.6,723.5,978.6,2737.1,76.7,52.8,80.0
2008-10-02,15/9-F-1C,854.9,967.6,645.2,979.1,2738.9,76.7,53.1,80.0
2008-10-03,15/9-F-1C,1025.2,1173.7,692.6,977.8,2736.8,78.5,53.4,80.0
2008-10-04,15/9-F-1C,912.1,1056.3,645.2,968.2,2718.2,78.2,53.7,80.0
2008-10-05,15/9-F-1C,1089.1,1275.7,682.2,979.9,2742.3,77.3,53.9,80.0
2008-11-06,15/9-F-1C,947.8,1123.0,676.9,970.8,2724.6,79.5,54.2,80.0
2008-11-07,15/9-F-1C,879.4,1053.7,666.9,972.1,2727.8,78.4,54.5,80.0
2008-11-08,15/9-F-1C,939.8,1139.0,653.3,960.5,2705.3,76.0,54.8,80.0
2008-11-09,15/9-F-1C,1021.8,1252.5,642.3,975.4,2735.6,76.5,55.1,80.0
2008-11-10,15/9-F-1C,928.7,1151.3,626.7,977.3,2740.0,77.8,55.4,80.0
2008-11-11,15/9-F-1C,1104.2,1384.4,711.5,982.4,2750.7,78.3,55.6,80.0
2008-11-12,15/9-F-1C,875.1,1109.6,685.6,981.6,2749.9,79.4,55.9,80.0
2008-11-13,15/9-F-1C,886.8,1137.1,641.8,976.1,2739.4,77.7,56.2,80.0
2008-11-14,15/9-F-1C,857.7,1112.3,655.1,957.7,2703.3,78.4,56.5,80.0
2008-11-15,15/9-F-1C,822.1,1078.1,687.3,967.2,2722.9,77.0,56.7,80.0
2008-11-16,15/9-F-1C,814.7,1080.4,673.9,972.9,2734.7,78.3,57.0,80.0
2008-11-17,15/9-F-1C,894.9,1200.0,673.0,971.2,2731.9,77.5,57.3,80.0
2008-11-18,15/9-F-1C,820.5,1112.5,677.5,955.7,2701.6,77.8,57.6,80.0
2008-11-19,15/9-F-1C,800.4,1097.4,652.5,976.2,2743.2,79.3,57.8,80.0
2008-11-20,15/9-F-1C,825.0,1143.6,647.8,976.1,2743.6,77.2,58.1,80.0
2008-11-21,15/9-F-1C,897.5,1257.9,691.3,957.3,2706.6,78.0,58.4,80.0
2008-11-22,15/9-F-1C,901.0,1276.9,659.4,956.0,2704.5,78.3,58.6,80.0
2008-11-23,15/9-F-1C,808.4,1158.2,660.1,963.6,2720.4,78.7,58.9,80.0
2008-11-24,15/9-F-1C,877.3,1270.7,681.3,963.7,2721.3,78.6,59.2,80.0
2008-11-25,15/9-F-1C,903.9,1323.7,663.0,970.8,2736.0,76.4,59.4,80.0
2008-11-26,15/9-F-1C,968.6,1433.9,615.9,966.4,2727.9,80.5,59.7,80.0
2008-11-27,15/9-F-1C,843.5,1262.4,659.3,943.2,2681.9,78.4,59.9,80.0
2008-11-28,15/9-F-1C,824.7,1247.6,669.8,958.3,2712.8,77.7,60.2,80.0
2008-11-28,15/9-F-1C,733.6,1121.9,662.4,938.9,2674.7,78.9,60.5,80.0
2008-11-28,15/9-F-1C,799.0,1235.1,705.7,946.2,2689.7,78.3,60.7,80.0
2008-11-01,15/9-F-1C,725.8,1134.0,679.5,949.7,2697.4,79.7,61.0,80.0
2008-11-02,15/9-F-1C,827.3,1306.6,654.3,946.0,2690.5,78.9,61.2,80.0
2008-11-03,15/9-F-1C,810.1,1293.1,668.6,959.7,2718.5,77.6,61.5,80.0
2008-11-04,15/9-F-1C,787.9,1271.2,707.5,952.0,2703.7,79.1,61.7,80.0
2008-11-05,15/9-F-1C,694.4,1132.2,669.0,947.3,2695.0,80.1,62.0,80.0
2008-11-06,15/9-F-1C,674.6,1111.7,705.0,938.2,2677.5,79.5,62.2,80.0
2008-12-07,15/9-F-1C,712.4,1186.3,707.9,936.3,2674.2,79.4,62.5,80.0
2008-12-08,15/9-F-1C,669.8,1127.2,686.1,944.5,2691.2,78.3,62.7,80.0
2008-12-09,15/9-F-1C,648.5,1102.7,671.2,956.4,2715.6,79.6,63.0,80.0
2008-12-10,15/9-F-1C,691.8,1188.8,675.3,936.5,2676.3,79.5,63.2,80.0
2008-12-11,15/9-F-1C,643.8,1117.8,698.3,938.2,2680.4,80.2,63.5,80.0
2008-12-12,15/9-F-1C,757.8,1329.4,665.6,950.3,2705.2,79.4,63.7,80.0
2008-12-13,15/9-F-1C,815.2,1445.0,705.1,952.1,2709.4,80.5,63.9,80.0
2008-12-14,15/9-F-1C,564.3,1010.6,645.6,940.7,2687.2,79.8,64.2,80.0
2008-12-15,15/9-F-1C,737.4,1334.1,645.9,949.4,2705.2,81.7,64.4,80.0
2008-12-16,15/9-F-1C,757.4,1384.4,657.5,948.2,2703.3,80.0,64.6,80.0
2008-12-17,15/9-F-1C,697.0,1287.0,689.9,941.7,2691.1,81.2,64.9,80.0
2008-12-18,15/9-F-1C,806.4,1504.1,693.3,930.8,2669.8,80.1,65.1,80.0
2008-12-19,15/9-F-1C,724.5,1365.0,676.9,933.3,2675.4,79.3,65.3,80.0
2008-12-20,15/9-F-1C,635.6,1209.7,729.5,934.3,2678.0,80.3,65.6,80.0
2008-12-21,15/9-F-1C,747.2,1436.4,639.9,937.1,2684.2,79.9,65.8,80.0
2008-12-22,15/9-F-1C,735.4,1427.8,692.9,933.0,2676.6,80.4,66.0,80.0
2008-12-23,15/9-F-1C,593.4,1163.6,705.7,933.6,2678.4,80.9,66.2,80.0
2008-12-24,15/9-F-1C,520.2,1030.2,716.5,933.1,2678.0,82.1,66.4,80.0
2008-12-25,15/9-F-1C,651.6,1303.2,708.0,924.7,2661.7,79.7,66.7,80.0
2008-12-26,15/9-F-1C,812.9,1641.8,647.5,930.4,2673.8,81.6,66.9,80.0
2008-12-27,15/9-F-1C,614.3,1252.8,655.5,939.3,2692.2,81.2,67.1,80.0
2008-12-28,15/9-F-1C,728.8,1500.8,706.3,928.9,2672.1,81.0,67.3,80.0
2008-12-28,15/9-F-1C,646.7,1344.7,684.2,922.7,2660.2,82.0,67.5,80.0
2008-12-28,15/9-F-1C,654.6,1374.4,667.6,934.1,2683.7,80.8,67.7,80.0
2008-12-01,15/9-F-1C,674.4,1429.6,660.0,928.2,2672.5,81.7,67.9,80.0
2008-12-02,15/9-F-1C,639.5,1368.6,665.4,933.2,2683.0,81.6,68.2,80.0
2008-12-03,15/9-F-1C,631.6,1364.4,665.2,915.3,2647.8,80.7,68.4,80.0
2008-12-04,15/9-F-1C,676.7,1475.7,643.0,940.9,2699.6,81.6,68.6,80.0
2008-12-05,15/9-F-1C,511.3,1125.6,658.3,923.6,2665.6,81.9,68.8,80.0
2009-01-01,15/9-F-1C,573.4,1274.2,711.0,923.0,2665.0,82.8,69.0,80.0
2009-01-02,15/9-F-1C,643.9,1444.1,653.3,915.5,2650.6,81.0,69.2,80.0
2009-01-03,15/9-F-1C,619.7,1402.9,691.5,918.8,2657.7,82.2,69.4,80.0
2009-01-04,15/9-F-1C,502.0,1146.8,641.4,920.4,2661.6,81.9,69.6,80.0
2009-01-05,15/9-F-1C,503.6,1161.1,705.6,919.0,2659.3,83.1,69.7,80.0
2009-01-06,15/9-F-1C,586.4,1364.5,670.3,899.5,2620.9,83.8,69.9,80.0
2009-01-07,15/9-F-1C,564.3,1325.0,657.3,924.3,2671.2,82.3,70.1,80.0
2009-01-08,15/9-F-1C,605.6,1434.8,697.8,900.3,2623.7,83.1,70.3,80.0
2009-01-09,15/9-F-1C,474.9,1135.5,687.1,923.6,2671.0,82.4,70.5,80.0
2009-01-10,15/9-F-1C,526.2,1269.3,673.8,907.6,2639.5,83.1,70.7,80.0
2009-01-11,15/9-F-1C,586.6,1427.6,657.9,917.4,2659.9,82.6,70.9,80.0
2009-01-12,15/9-F-1C,611.5,1501.5,707.1,904.4,2634.3,83.2,71.1,80.0
2009-01-13,15/9-F-1C,445.3,1102.9,680.2,910.5,2647.2,83.2,71.2,80.0
2009-01-14,15/9-F-1C,537.3,1342.6,718.5,911.3,2649.4,83.7,71.4,80.0
2009-01-15,15/9-F-1C,506.2,1276.0,737.3,904.2,2635.9,82.4,71.6,80.0
2009-01-16,15/9-F-1C,464.2,1180.3,662.4,907.9,2643.7,84.3,71.8,80.0
2009-01-17,15/9-F-1C,653.6,1676.1,701.3,913.7,2656.0,84.3,71.9,80.0
2009-01-18,15/9-F-1C,625.9,1618.8,661.7,910.7,2650.6,83.7,72.1,80.0
2009-01-19,15/9-F-1C,638.9,1666.4,679.3,918.9,2667.6,82.6,72.3,80.0
2009-01-20,15/9-F-1C,440.9,1159.7,648.0,903.9,2638.2,83.7,72.5,80.0
2009-01-21,15/9-F-1C,548.2,1454.1,711.7,895.6,2622.3,84.3,72.6,80.0
2009-01-22,15/9-F-1C,492.9,1318.5,674.5,899.8,2631.2,83.5,72.8,80.0
2009-01-23,15/9-F-1C,433.2,1168.5,671.3,900.0,2632.2,84.6,73.0,80.0
2009-01-24,15/9-F-1C,546.0,1484.8,678.5,897.8,2628.5,82.4,73.1,80.0
2009-01-25,15/9-F-1C,588.7,1614.2,686.0,894.8,2622.9,83.8,73.3,80.0
2009-01-26,15/9-F-1C,470.9,1301.7,655.5,898.6,2631.2,83.0,73.4,80.0
2009-01-27,15/9-F-1C,451.8,1259.0,675.8,887.0,2608.7,84.4,73.6,80.0
2009-01-28,15/9-F-1C,549.0,1542.0,653.7,884.0,2603.1,85.0,73.7,80.0
2009-01-28,15/9-F-1C,391.9,1109.6,684.7,906.2,2648.3,84.0,73.9,80.0
2009-01-28,15/9-F-1C,401.3,1145.2,698.6,905.2,2646.9,83.4,74.1,80.0
2009-01-01,15/9-F-1C,505.9,1455.2,668.5,896.6,2630.2,84.5,74.2,80.0
2009-02-02,15/9-F-1C,506.3,1467.7,660.4,898.8,2635.1,83.5,74.4,80.0
2009-02-03,15/9-F-1C,577.2,1686.4,686.1,892.6,2623.4,84.2,74.5,80.0
2009-02-04,15/9-F-1C,444.1,1307.6,692.6,880.4,2599.7,85.2,74.6,80.0
2009-02-05,15/9-F-1C,379.5,1126.0,722.8,903.9,2647.3,86.1,74.8,80.0
2009-02-06,15/9-F-1C,441.2,1319.0,666.6,886.7,2613.5,82.4,74.9,65.0
2009-02-07,15/9-F-1C,343.1,1033.6,668.3,892.5,2625.6,84.2,75.1,65.0
2009-02-08,15/9-F-1C,382.4,1160.7,690.2,884.8,2610.8,86.0,75.2,65.0
2009-02-09,15/9-F-1C,449.6,1374.9,687.2,883.3,2608.3,84.8,75.4,65.0
2009-02-10,15/9-F-1C,537.1,1654.6,713.7,886.6,2615.7,84.8,75.5,65.0
2009-02-11,15/9-F-1C,272.8,846.4,696.9,892.7,2628.5,83.9,75.6,65.0
2009-02-12,15/9-F-1C,487.1,1522.6,652.4,880.8,2605.2,83.8,75.8,65.0
2009-02-13,15/9-F-1C,329.3,1037.0,705.1,881.9,2608.0,85.8,75.9,65.0
2009-02-14,15/9-F-1C,522.8,1657.8,662.9,878.2,2601.3,85.9,76.0,65.0
2009-02-15,15/9-F-1C,540.3,1725.9,648.4,885.6,2616.6,87.7,76.2,65.0
2009-02-16,15/9-F-1C,297.3,956.2,670.2,883.6,2613.2,84.6,76.3,65.0
2009-02-17,15/9-F-1C,422.3,1367.9,721.1,878.5,2603.6,84.1,76.4,65.0
2009-02-18,15/9-F-1C,298.3,973.2,699.4,879.6,2606.5,85.3,76.5,65.0
2009-02-19,15/9-F-1C,365.0,1198.8,663.7,882.4,2612.6,86.1,76.7,65.0
2009-02-20,15/9-F-1C,391.2,1293.9,676.9,862.4,2573.2,86.1,76.8,65.0
2009-02-21,15/9-F-1C,367.7,1224.5,642.0,865.7,2580.4,84.9,76.9,65.0
2009-02-22,15/9-F-1C,377.7,1266.3,680.9,870.0,2589.5,85.5,77.0,65.0
2009-02-23,15/9-F-1C,378.3,1276.9,677.6,871.4,2593.1,85.2,77.1,65.0
2009-02-24,15/9-F-1C,317.5,1078.8,724.6,888.8,2628.4,85.6,77.3,65.0
2009-02-25,15/9-F-1C,332.6,1137.7,695.0,876.5,2604.5,85.5,77.4,65.0
2009-02-26,15/9-F-1C,538.2,1852.9,698.9,883.1,2618.2,86.1,77.5,65.0
2009-02-27,15/9-F-1C,468.2,1622.3,708.2,863.4,2579.5,87.1,77.6,65.0
2009-02-28,15/9-F-1C,355.0,1237.9,699.5,867.2,2587.5,87.0,77.7,65.0
2009-02-28,15/9-F-1C,467.3,1640.0,622.0,881.7,2617.1,86.3,77.8,65.0
2009-02-28,15/9-F-1C,430.7,1521.3,622.3,867.0,2588.5,85.0,77.9,65.0
2009-02-01,15/9-F-1C,468.3,1664.5,696.9,863.8,2582.7,86.8,78.0,65.0
2009-03-02,15/9-F-1C,364.8,1304.9,684.9,862.3,2580.2,85.1,78.1,65.0
2009-03-03,15/9-F-1C,381.9,1374.5,641.8,866.3,2588.8,87.3,78.3,65.0
2009-03-04,15/9-F-1C,412.7,1494.2,679.8,859.7,2576.2,86.6,78.4,65.0
2009-03-05,15/9-F-1C,350.8,1277.9,661.4,853.2,2563.8,88.0,78.5,65.0
2009-03-06,15/9-F-1C,596.0,2184.3,656.9,860.7,2579.5,84.6,78.6,65.0
2009-03-07,15/9-F-1C,508.7,1875.5,712.9,864.3,2587.2,85.1,78.7,65.0
2009-03-08,15/9-F-1C,370.6,1374.3,689.6,863.0,2585.2,84.6,78.8,65.0
2009-03-09,15/9-F-1C,371.8,1386.9,732.7,849.0,2557.7,87.5,78.9,65.0
2009-03-10,15/9-F-1C,391.7,1469.8,670.0,874.8,2610.0,86.7,79.0,65.0
2009-03-11,15/9-F-1C,239.0,901.8,669.7,847.9,2556.8,87.3,79.1,65.0
2009-03-12,15/9-F-1C,228.0,865.4,642.4,868.0,2597.5,86.5,79.1,65.0
2009-03-13,15/9-F-1C,392.7,1498.8,692.6,874.2,2610.7,86.2,79.2,65.0
2009-03-14,15/9-F-1C,440.9,1692.4,678.8,859.3,2581.5,87.9,79.3,65.0
2009-03-15,15/9-F-1C,379.1,1463.3,686.0,862.9,2589.3,87.0,79.4,65.0
2009-03-16,15/9-F-1C,264.0,1024.6,710.6,858.3,2580.7,88.8,79.5,65.0
2009-03-17,15/9-F-1C,448.5,1750.0,644.8,864.8,2594.2,85.7,79.6,65.0
2009-03-18,15/9-F-1C,477.8,1874.6,718.9,853.6,2572.4,87.0,79.7,65.0
2009-03-19,15/9-F-1C,384.5,1516.7,650.0,848.6,2563.0,87.3,79.8,65.0
2009-03-20,15/9-F-1C,338.0,1340.4,679.3,836.4,2539.2,85.7,79.9,65.0
2009-03-21,15/9-F-1C,407.4,1624.1,669.0,846.1,2559.2,86.6,79.9,65.0
2009-03-22,15/9-F-1C,312.6,1252.6,653.0,851.6,2570.8,86.4,80.0,65.0
2009-03-23,15/9-F-1C,378.5,1524.6,697.0,847.9,2564.1,88.8,80.1,65.0
2009-03-24,15/9-F-1C,351.0,1420.9,718.7,841.2,2551.3,86.6,80.2,65.0
2009-03-25,15/9-F-1C,380.1,1546.4,638.3,845.2,2559.8,87.6,80.3,65.0
2009-03-26,15/9-F-1C,329.0,1345.3,679.6,853.1,2576.1,86.3,80.4,65.0
2009-03-27,15/9-F-1C,257.8,1059.6,705.6,851.5,2573.5,86.0,80.4,65.0
2009-03-28,15/9-F-1C,402.4,1661.9,670.6,841.5,2554.3,87.7,80.5,65.0
2009-03-28,15/9-F-1C,292.2,1212.5,712.5,847.2,2566.1,87.3,80.6,65.0
2009-03-28,15/9-F-1C,302.5,1261.5,693.7,844.6,2561.6,87.0,80.7,65.0
2009-03-01,15/9-F-1C,361.6,1515.1,691.5,842.1,2557.1,87.0,80.7,65.0
2009-03-02,15/9-F-1C,258.7,1088.9,646.6,844.7,2563.0,87.1,80.8,65.0
2009-04-03,15/9-F-1C,318.8,1348.1,685.0,838.3,2550.8,86.0,80.9,65.0
2009-04-04,15/9-F-1C,301.6,1281.4,734.2,836.5,2547.8,87.9,80.9,65.0
2009-04-05,15/9-F-1C,409.5,1747.9,720.8,823.2,2521.9,86.9,81.0,65.0
2009-04-06,15/9-F-1C,338.2,1450.2,647.1,839.6,2555.1,87.9,81.1,65.0
2009-04-07,15/9-F-1C,410.3,1767.3,699.4,837.4,2551.4,87.7,81.2,65.0
2009-04-08,15/9-F-1C,289.5,1252.6,700.4,833.7,2544.6,87.8,81.2,65.0
2009-04-09,15/9-F-1C,321.3,1396.0,727.2,836.8,2551.4,86.1,81.3,65.0
2009-04-10,15/9-F-1C,252.8,1103.1,685.5,826.0,2530.3,87.1,81.4,65.0
2009-04-11,15/9-F-1C,320.1,1403.0,664.0,831.4,2541.8,86.8,81.4,65.0
2009-04-12,15/9-F-1C,353.0,1553.9,689.0,840.3,2560.2,86.8,81.5,65.0
2009-04-13,15/9-F-1C,287.3,1269.8,702.2,820.2,2520.7,86.5,81.5,65.0
2009-04-14,15/9-F-1C,301.3,1337.2,688.0,832.0,2544.8,86.5,81.6,65.0
2009-04-15,15/9-F-1C,443.5,1976.7,718.6,827.3,2536.1,86.4,81.7,65.0
2009-04-16,15/9-F-1C,257.8,1153.8,701.4,829.8,2541.6,86.8,81.7,65.0
2009-04-17,15/9-F-1C,286.9,1288.9,717.2,814.6,2511.8,85.3,81.8,65.0
2009-04-18,15/9-F-1C,341.7,1541.5,679.9,810.3,2503.8,86.9,81.9,65.0
2009-04-19,15/9-F-1C,234.4,1061.4,697.2,828.7,2541.2,86.2,81.9,65.0
2009-04-20,15/9-F-1C,167.8,763.1,681.7,832.0,2548.4,87.1,82.0,65.0
2009-04-21,15/9-F-1C,220.2,1005.2,644.6,817.5,2519.9,87.9,82.0,65.0
2009-04-22,15/9-F-1C,254.3,1165.2,685.6,818.0,2521.5,86.9,82.1,65.0
2009-04-23,15/9-F-1C,194.4,894.0,669.3,831.2,2548.6,86.5,82.1,65.0
2009-04-24,15/9-F-1C,305.4,1409.7,652.0,835.5,2557.8,87.7,82.2,65.0
2009-04-25,15/9-F-1C,118.9,550.8,698.6,827.6,2542.5,86.2,82.2,65.0
2009-04-26,15/9-F-1C,294.6,1370.1,647.9,825.7,2539.4,86.3,82.3,65.0
2009-04-27,15/9-F-1C,416.0,1941.5,715.8,831.6,2551.7,84.3,82.4,65.0
2009-04-28,15/9-F-1C,210.0,983.7,673.9,817.7,2524.7,87.2,82.4,65.0
2009-04-28,15/9-F-1C,355.4,1670.3,680.8,804.2,2498.3,87.0,82.5,65.0
2009-04-28,15/9-F-1C,510.9,2409.5,709.0,826.8,2543.9,87.0,82.5,65.0
2009-04-01,15/9-F-1C,257.2,1217.4,679.2,827.0,2544.9,86.6,82.6,65.0
2009-04-02,15/9-F-1C,246.1,1168.9,724.4,813.2,2517.9,86.4,82.6,65.0
2009-05-03,15/9-F-1C,335.6,1599.0,701.5,819.5,2531.3,86.0,82.7,65.0
2009-05-04,15/9-F-1C,295.3,1412.0,707.5,811.9,2516.7,87.3,82.7,65.0
2009-05-05,15/9-F-1C,320.0,1534.8,658.5,818.4,2530.2,86.6,82.7,65.0
2009-05-06,15/9-F-1C,281.8,1356.0,685.5,815.6,2525.2,86.5,82.8,65.0
2009-05-07,15/9-F-1C,327.8,1582.5,648.0,811.6,2517.9,87.1,82.8,65.0
2009-05-08,15/9-F-1C,399.2,1933.3,691.3,804.4,2503.9,86.4,82.9,65.0
2009-05-09,15/9-F-1C,241.2,1172.0,694.6,802.5,2500.8,86.0,82.9,65.0
2009-05-10,15/9-F-1C,288.7,1406.9,682.0,811.8,2520.0,86.6,83.0,65.0
2009-05-11,15/9-F-1C,324.8,1587.8,661.5,805.6,2508.3,86.5,83.0,65.0
2009-05-12,15/9-F-1C,340.0,1667.1,662.4,800.5,2498.5,86.8,83.1,65.0
2009-05-13,15/9-F-1C,294.2,1446.9,720.3,794.7,2487.6,85.7,83.1,65.0
2009-05-14,15/9-F-1C,313.4,1545.8,654.6,797.8,2494.4,85.2,83.1,65.0
2009-05-15,15/9-F-1C,285.0,1410.1,685.9,801.6,2502.5,85.5,83.2,65.0
2009-05-16,15/9-F-1C,280.8,1392.9,709.8,809.2,2518.5,86.0,83.2,65.0
2009-05-17,15/9-F-1C,182.4,907.8,711.0,803.2,2507.0,85.0,83.3,65.0
2009-05-18,15/9-F-1C,305.4,1523.7,711.6,804.9,2511.0,85.6,83.3,65.0
2009-05-19,15/9-F-1C,264.7,1324.4,711.3,792.9,2487.5,86.5,83.3,65.0
2009-05-20,15/9-F-1C,203.1,1019.1,675.4,791.3,2485.0,85.6,83.4,65.0
2009-05-21,15/9-F-1C,173.2,871.2,691.7,801.4,2505.7,84.4,83.4,65.0
2009-05-22,15/9-F-1C,223.2,1126.1,674.2,799.2,2502.0,84.6,83.5,65.0
2009-05-23,15/9-F-1C,238.0,1203.6,690.7,777.4,2458.9,86.9,83.5,65.0
2009-05-24,15/9-F-1C,202.3,1025.8,706.9,801.3,2507.5,85.2,83.5,65.0
2009-05-25,15/9-F-1C,300.3,1526.8,696.0,786.0,2477.4,86.1,83.6,65.0
2009-05-26,15/9-F-1C,286.4,1460.1,754.8,788.0,2482.0,85.4,83.6,65.0
2009-05-27,15/9-F-1C,291.9,1491.9,705.2,784.3,2475.2,86.1,83.6,65.0
2009-05-28,15/9-F-1C,286.6,1468.4,679.9,787.5,2482.2,84.3,83.7,65.0
2009-05-28,15/9-F-1C,167.9,862.5,671.2,798.8,2505.4,83.5,83.7,65.0
2009-05-28,15/9-F-1C,361.1,1859.3,710.9,779.6,2467.6,85.2,83.7,65.0
2009-05-01,15/9-F-1C,319.1,1646.8,668.2,787.0,2482.9,83.5,83.8,65.0
2009-05-02,15/9-F-1C,171.4,886.9,732.2,799.5,2508.7,86.1,83.8,65.0
2009-05-03,15/9-F-1C,312.7,1621.2,745.0,783.4,2477.1,84.6,83.8,65.0
2009-06-04,15/9-F-1C,295.3,1534.8,662.0,778.4,2467.5,86.5,83.9,65.0
2009-06-05,15/9-F-1C,365.0,1901.3,690.9,791.1,2493.7,84.8,83.9,65.0
2009-06-06,15/9-F-1C,247.6,1292.6,709.6,779.7,2471.5,83.8,83.9,65.0
2009-06-07,15/9-F-1C,281.7,1473.8,664.9,776.7,2466.0,84.2,84.0,65.0
2009-06-08,15/9-F-1C,243.0,1274.3,708.4,788.8,2490.8,83.8,84.0,65.0
2009-06-09,15/9-F-1C,215.3,1131.6,671.3,778.8,2471.3,82.6,84.0,65.0
2009-06-10,15/9-F-1C,314.4,1655.8,696.4,779.6,2473.7,84.2,84.0,65.0
2009-06-11,15/9-F-1C,161.0,849.9,691.0,787.3,2489.6,84.5,84.1,65.0
2009-06-12,15/9-F-1C,250.9,1327.0,718.1,776.3,2468.2,84.1,84.1,65.0
2009-06-13,15/9-F-1C,367.4,1947.5,722.8,789.9,2496.0,83.2,84.1,65.0
2009-06-14,15/9-F-1C,162.0,860.6,706.6,767.2,2451.2,84.2,84.2,65.0
2009-06-15,15/9-F-1C,295.5,1572.5,717.5,787.9,2493.2,83.6,84.2,65.0
2009-06-16,15/9-F-1C,295.3,1574.6,702.8,789.2,2496.5,82.9,84.2,65.0
2009-06-17,15/9-F-1C,265.8,1419.8,682.6,773.7,2465.9,82.1,84.2,65.0
2009-06-18,15/9-F-1C,242.7,1299.2,724.5,767.3,2453.8,81.8,84.3,65.0
2009-06-19,15/9-F-1C,188.5,1010.9,658.8,775.2,2470.1,83.6,84.3,65.0
2009-06-20,15/9-F-1C,313.5,1684.5,676.6,759.5,2439.4,82.2,84.3,65.0
2009-06-21,15/9-F-1C,242.0,1303.1,720.3,771.5,2464.0,83.5,84.3,65.0
2009-06-22,15/9-F-1C,269.0,1451.1,688.4,762.4,2446.3,82.8,84.4,65.0
2009-06-23,15/9-F-1C,165.4,893.7,702.9,762.5,2447.3,83.4,84.4,65.0
2009-06-24,15/9-F-1C,259.6,1405.0,738.3,755.7,2434.2,82.7,84.4,65.0
2009-06-25,15/9-F-1C,249.5,1352.9,658.1,772.0,2467.4,82.6,84.4,65.0
2009-06-26,15/9-F-1C,224.8,1220.9,637.1,769.1,2462.2,82.5,84.5,65.0
2009-06-27,15/9-F-1C,351.3,1911.6,732.5,761.3,2447.2,83.6,84.5,65.0
2009-06-28,15/9-F-1C,243.4,1326.7,716.8,768.7,2462.7,81.9,84.5,65.0
2009-06-28,15/9-F-1C,281.1,1534.5,733.3,754.4,2434.7,81.7,84.5,65.0
2009-06-28,15/9-F-1C,220.8,1207.4,700.5,765.3,2457.0,83.2,84.5,65.0
2009-06-01,15/9-F-1C,278.4,1525.1,698.6,767.3,2461.6,81.9,84.6,65.0
2009-06-02,15/9-F-1C,248.1,1360.9,720.7,750.9,2429.5,82.5,84.6,65.0
2009-06-03,15/9-F-1C,220.0,1209.2,661.0,758.9,2446.1,80.4,84.6,65.0
2009-07-04,15/9-F-1C,348.5,1917.9,697.4,766.0,2460.9,82.2,84.6,65.0
2009-07-05,15/9-F-1C,271.9,1498.9,721.2,758.7,2446.7,81.5,84.6,65.0
2009-07-06,15/9-F-1C,301.9,1666.8,700.5,754.1,2438.1,82.4,84.7,65.0
2009-07-07,15/9-F-1C,253.3,1400.6,706.6,748.3,2427.3,83.0,84.7,65.0
2009-07-08,15/9-F-1C,283.5,1570.0,708.0,749.3,2429.8,80.9,84.7,65.0
2009-07-09,15/9-F-1C,240.0,1331.0,710.4,760.0,2451.8,81.3,84.7,65.0
2009-07-10,15/9-F-1C,330.4,1835.0,746.8,749.6,2431.7,82.6,84.7,65.0
2009-07-11,15/9-F-1C,209.8,1166.6,684.3,750.3,2433.5,81.4,84.8,65.0
2009-07-12,15/9-F-1C,252.3,1405.4,722.1,743.4,2420.3,81.9,84.8,65.0
2009-07-13,15/9-F-1C,220.3,1228.8,689.8,747.7,2429.6,83.2,84.8,65.0
2009-07-14,15/9-F-1C,216.8,1210.9,732.1,748.9,2432.6,82.2,84.8,65.0
2009-07-15,15/9-F-1C,209.5,1171.5,718.3,747.2,2429.9,81.2,84.8,65.0
2009-07-16,15/9-F-1C,222.3,1244.9,660.2,739.2,2414.4,80.7,84.8,65.0
2009-07-17,15/9-F-1C,243.3,1364.4,658.9,741.0,2418.7,80.6,84.9,65.0
2009-07-18,15/9-F-1C,150.5,844.9,706.4,733.9,2405.0,81.3,84.9,65.0
2009-07-19,15/9-F-1C,324.1,1821.8,698.9,748.0,2433.7,81.3,84.9,65.0
2009-07-20,15/9-F-1C,170.8,961.2,735.6,746.6,2431.7,81.5,84.9,65.0
2009-07-21,15/9-F-1C,183.2,1032.2,669.4,728.0,2395.0,80.7,84.9,65.0
2009-07-22,15/9-F-1C,324.4,1830.4,693.7,731.7,2403.0,81.1,84.9,65.0
2009-07-23,15/9-F-1C,225.0,1271.4,741.1,736.8,2413.9,79.9,85.0,65.0
2009-07-24,15/9-F-1C,196.7,1112.5,697.1,749.9,2440.5,79.8,85.0,65.0
2009-07-25,15/9-F-1C,197.5,1118.1,729.4,737.3,2416.0,80.5,85.0,65.0
2009-07-26,15/9-F-1C,168.0,952.4,734.5,734.8,2411.6,79.6,85.0,65.0
2009-07-27,15/9-F-1C,125.9,714.6,718.4,735.2,2412.9,80.3,85.0,65.0
2009-07-28,15/9-F-1C,357.4,2031.0,722.2,735.6,2414.4,79.4,85.0,65.0
2009-07-28,15/9-F-1C,245.6,1397.3,705.3,737.3,2418.5,79.6,85.0,65.0
2009-07-28,15/9-F-1C,249.8,1422.5,712.8,738.7,2421.9,81.0,85.1,65.0
2009-07-01,15/9-F-1C,254.1,1448.9,707.3,733.0,2411.0,79.6,85.1,65.0
2009-07-02,15/9-F-1C,187.0,1067.0,654.8,720.4,2386.4,79.9,85.1,65.0
2009-07-03,15/9-F-1C,147.9,844.8,677.3,734.1,2414.3,79.6,85.1,65.0
2009-07-04,15/9-F-1C,253.3,1448.4,690.8,747.5,2441.8,79.4,85.1,65.0
2009-08-05,15/9-F-1C,184.0,1053.5,697.8,722.9,2393.3,80.5,85.1,65.0
2009-08-06,15/9-F-1C,271.7,1557.1,679.9,723.9,2395.7,80.0,85.1,65.0
2009-08-07,15/9-F-1C,253.8,1455.7,756.1,709.8,2368.2,78.7,85.2,65.0
2009-08-08,15/9-F-1C,278.2,1597.6,736.5,728.6,2406.4,79.3,85.2,65.0
2009-08-09,15/9-F-1C,184.2,1058.8,718.1,727.8,2405.5,79.0,85.2,65.0
2009-08-10,15/9-F-1C,224.8,1293.5,702.9,720.2,2390.9,79.3,85.2,65.0
2009-08-11,15/9-F-1C,202.0,1163.1,692.3,721.1,2393.2,79.8,85.2,65.0
2009-08-12,15/9-F-1C,138.0,795.5,732.4,713.9,2379.5,78.8,85.2,65.0
2009-08-13,15/9-F-1C,140.6,811.3,706.2,724.1,2400.4,80.1,85.2,65.0
2009-08-14,15/9-F-1C,179.7,1037.8,681.4,709.5,2371.9,79.3,85.2,65.0
2009-08-15,15/9-F-1C,144.3,833.8,707.8,712.4,2378.1,78.3,85.3,65.0
2009-08-16,15/9-F-1C,261.2,1511.2,709.0,731.1,2416.1,77.5,85.3,65.0
2009-08-17,15/9-F-1C,284.9,1649.4,709.5,713.9,2382.4,79.0,85.3,65.0
2009-08-18,15/9-F-1C,317.4,1839.1,670.9,718.4,2391.9,78.5,85.3,65.0
2009-08-19,15/9-F-1C,142.3,825.2,699.2,719.5,2394.8,79.3,85.3,65.0
2009-08-20,15/9-F-1C,271.3,1574.9,700.9,728.4,2413.3,79.4,85.3,65.0
2009-08-21,15/9-F-1C,212.3,1233.1,699.1,714.7,2386.4,79.5,85.3,65.0
2009-08-22,15/9-F-1C,266.5,1549.5,721.7,714.2,2386.0,80.8,85.3,65.0
2009-08-23,15/9-F-1C,282.8,1645.6,720.4,704.1,2366.5,78.7,85.3,65.0
2009-08-24,15/9-F-1C,183.4,1068.1,761.6,708.0,2374.9,78.1,85.3,65.0
2009-08-25,15/9-F-1C,212.1,1236.2,688.0,703.6,2366.6,78.1,85.4,65.0
2009-08-26,15/9-F-1C,134.1,781.9,673.6,705.2,2370.5,78.3,85.4,50.0
2009-08-27,15/9-F-1C,210.8,1230.5,690.5,715.6,2391.7,79.6,85.4,50.0
2009-08-28,15/9-F-1C,220.7,1288.8,703.7,713.5,2388.2,78.0,85.4,50.0
2009-08-28,15/9-F-1C,317.8,1857.3,697.7,722.0,2405.7,77.1,85.4,50.0
2009-08-28,15/9-F-1C,206.1,1205.3,776.1,696.9,2356.1,77.5,85.4,50.0
2009-08-01,15/9-F-1C,255.2,1493.9,692.7,702.6,2368.2,78.3,85.4,50.0
2009-08-02,15/9-F-1C,120.6,706.6,748.6,710.7,2385.0,75.9,85.4,50.0
2009-08-03,15/9-F-1C,191.0,1119.6,711.3,685.3,2334.9,78.0,85.4,50.0
2009-08-04,15/9-F-1C,294.5,1727.3,690.2,695.1,2355.0,78.0,85.4,50.0
2009-09-05,15/9-F-1C,273.2,1603.4,713.4,707.0,2379.5,78.2,85.4,50.0
2009-09-06,15/9-F-1C,332.8,1954.5,750.0,693.8,2353.7,76.0,85.5,50.0
2009-09-07,15/9-F-1C,320.3,1882.5,732.8,709.9,2386.5,78.1,85.5,50.0
2009-09-08,15/9-F-1C,235.9,1387.2,733.5,703.0,2373.2,77.3,85.5,50.0
2009-09-09,15/9-F-1C,168.0,988.8,693.2,700.0,2367.8,76.6,85.5,50.0
2009-09-10,15/9-F-1C,121.2,714.0,728.7,684.5,2337.5,76.9,85.5,50.0
2009-09-11,15/9-F-1C,212.4,1251.8,710.8,684.9,2338.9,76.4,85.5,50.0
2009-09-12,15/9-F-1C,311.4,1836.1,724.7,691.2,2352.0,77.4,85.5,50.0
2009-09-13,15/9-F-1C,251.8,1485.2,706.3,708.0,2386.2,77.2,85.5,50.0
2009-09-14,15/9-F-1C,163.9,967.3,709.5,689.3,2349.5,76.7,85.5,50.0
2009-09-15,15/9-F-1C,330.4,1951.6,742.3,694.3,2360.1,77.0,85.5,50.0
2009-09-16,15/9-F-1C,236.6,1398.5,728.5,692.3,2356.5,77.7,85.5,50.0
2009-09-17,15/9-F-1C,332.4,1965.4,720.8,695.2,2363.0,78.1,85.5,50.0
2009-09-18,15/9-F-1C,213.2,1261.4,727.7,708.2,2389.7,76.7,85.5,50.0
2009-09-19,15/9-F-1C,175.2,1037.0,712.3,694.1,2362.0,78.5,85.5,50.0
2009-09-20,15/9-F-1C,395.1,2339.8,711.3,682.0,2338.3,76.7,85.6,50.0
2009-09-21,15/9-F-1C,268.6,1591.4,706.6,686.1,2347.2,75.9,85.6,50.0
2009-09-22,15/9-F-1C,111.1,658.9,747.1,681.2,2338.0,78.7,85.6,50.0
2009-09-23,15/9-F-1C,140.6,833.9,683.6,693.3,2362.7,77.7,85.6,50.0
2009-09-24,15/9-F-1C,188.5,1118.7,707.7,694.2,2365.2,76.8,85.6,50.0
2009-09-25,15/9-F-1C,264.6,1571.4,726.2,689.3,2355.9,77.1,85.6,50.0
2009-09-26,15/9-F-1C,144.1,856.3,700.0,671.6,2321.2,76.3,85.6,50.0
2009-09-27,15/9-F-1C,255.2,1516.9,740.0,676.5,2331.6,77.4,85.6,50.0
2009-09-28,15/9-F-1C,238.5,1418.4,714.7,677.7,2334.6,76.5,85.6,50.0
2009-09-28,15/9-F-1C,296.8,1766.1,726.7,685.1,2350.1,77.2,85.6,50.0
2009-09-28,15/9-F-1C,267.0,1589.4,710.2,663.5,2307.3,78.0,85.6,50.0
2009-09-01,15/9-F-1C,215.4,1282.7,727.2,667.5,2315.9,78.3,85.6,50.0
2009-09-02,15/9-F-1C,231.7,1380.3,702.7,674.1,2329.7,77.6,85.6,50.0
2009-09-03,15/9-F-1C,275.2,1640.1,682.4,677.1,2336.5,77.7,85.6,50.0
2009-09-04,15/9-F-1C,229.3,1367.6,742.7,682.4,2347.7,77.6,85.6,50.0
2009-09-05,15/9-F-1C,158.0,942.6,718.8,669.2,2321.7,75.9,85.6,50.0
2009-10-06,15/9-F-1C,204.6,1220.9,731.8,683.8,2351.5,76.7,85.6,50.0
2009-10-07,15/9-F-1C,171.1,1021.5,742.7,672.3,2329.3,76.6,85.7,50.0
2009-10-08,15/9-F-1C,251.1,1499.7,768.0,679.2,2343.7,77.3,85.7,50.0
2009-10-09,15/9-F-1C,265.4,1586.1,695.8,676.1,2337.9,78.2,85.7,50.0
2009-10-10,15/9-F-1C,220.0,1315.2,694.6,682.2,2350.7,77.3,85.7,50.0
2009-10-11,15/9-F-1C,230.1,1375.9,768.2,662.8,2312.6,76.0,85.7,50.0
2009-10-12,15/9-F-1C,152.9,914.9,702.1,676.1,2339.8,77.5,85.7,50.0
2009-10-13,15/9-F-1C,137.8,824.9,710.9,682.0,2352.3,75.8,85.7,50.0
2009-10-14,15/9-F-1C,96.5,577.8,686.9,670.7,2330.2,76.4,85.7,50.0
2009-10-15,15/9-F-1C,184.3,1103.6,724.3,661.2,2311.8,76.3,85.7,50.0
2009-10-16,15/9-F-1C,266.2,1595.1,692.6,659.6,2309.2,78.8,85.7,50.0
2009-10-17,15/9-F-1C,232.7,1395.0,757.3,666.1,2322.8,77.3,85.7,50.0
2009-10-18,15/9-F-1C,207.4,1243.6,719.0,653.0,2297.2,76.1,85.7,50.0
2009-10-19,15/9-F-1C,225.1,1350.1,728.0,662.9,2317.6,77.7,85.7,50.0
2009-10-20,15/9-F-1C,284.7,1708.3,698.0,670.4,2333.1,77.5,85.7,50.0
2009-10-21,15/9-F-1C,211.2,1268.0,699.9,667.8,2328.5,77.9,85.7,50.0
2009-10-22,15/9-F-1C,223.9,1344.7,734.0,648.7,2291.1,76.8,85.7,50.0
2009-10-23,15/9-F-1C,119.5,717.8,744.4,662.1,2318.3,78.2,85.7,50.0
2009-10-24,15/9-F-1C,251.8,1513.2,729.3,661.2,2317.2,76.8,85.7,50.0
2009-10-25,15/9-F-1C,249.3,1498.4,724.8,655.8,2307.0,76.6,85.7,50.0
2009-10-26,15/9-F-1C,235.5,1415.8,756.0,650.0,2296.0,78.2,85.7,50.0
2009-10-27,15/9-F-1C,280.6,1687.7,747.8,653.7,2304.1,77.4,85.7,50.0
2009-10-28,15/9-F-1C,172.8,1039.4,726.0,657.5,2312.3,78.9,85.7,50.0
2009-10-28,15/9-F-1C,156.5,942.1,704.2,662.4,2322.5,78.9,85.8,50.0
2009-10-28,15/9-F-1C,273.4,1645.8,715.4,653.9,2306.1,77.4,85.8,50.0
2009-10-01,15/9-F-1C,154.0,927.5,737.8,662.4,2323.8,77.0,85.8,50.0
2009-10-02,15/9-F-1C,201.9,1216.3,719.6,655.3,2310.2,78.4,85.8,50.0
2009-10-03,15/9-F-1C,234.1,1410.4,714.2,640.9,2281.9,77.2,85.8,50.0
2009-10-04,15/9-F-1C,177.7,1071.2,719.7,646.2,2293.2,76.7,85.8,50.0
2009-10-05,15/9-F-1C,205.1,1236.6,734.2,649.9,2301.1,77.4,85.8,50.0
2009-11-06,15/9-F-1C,206.8,1246.9,731.0,644.1,2290.2,78.0,85.8,50.0
2009-11-07,15/9-F-1C,206.3,1244.6,723.9,635.9,2274.4,78.1,85.8,50.0
2009-11-08,15/9-F-1C,181.5,1095.3,727.3,641.3,2285.7,78.3,85.8,50.0
2009-11-09,15/9-F-1C,207.3,1251.1,686.3,647.5,2298.9,75.9,85.8,50.0
2009-11-10,15/9-F-1C,259.8,1568.4,693.0,663.4,2331.2,78.3,85.8,50.0
2009-11-11,15/9-F-1C,256.4,1548.2,723.9,629.0,2263.1,79.5,85.8,50.0
2009-11-12,15/9-F-1C,199.0,1201.8,700.2,642.8,2291.2,78.1,85.8,50.0
2009-11-13,15/9-F-1C,312.1,1885.2,726.9,636.5,2279.2,76.7,85.8,50.0
2009-11-14,15/9-F-1C,180.0,1087.8,693.6,642.9,2292.6,77.0,85.8,50.0
2009-11-15,15/9-F-1C,335.9,2030.4,742.4,633.3,2274.1,79.2,85.8,50.0
2009-11-16,15/9-F-1C,287.8,1740.1,700.3,639.6,2287.3,78.2,85.8,50.0
2009-11-17,15/9-F-1C,153.4,927.9,716.2,643.0,2294.6,77.8,85.8,50.0
2009-11-18,15/9-F-1C,181.8,1099.6,669.3,634.6,2278.5,79.1,85.8,50.0
2009-11-19,15/9-F-1C,252.9,1529.8,715.4,629.7,2269.3,79.0,85.8,50.0
2009-11-20,15/9-F-1C,189.2,1145.0,741.7,625.8,2262.0,77.9,85.8,50.0
2009-11-21,15/9-F-1C,256.3,1551.2,751.5,621.9,2254.8,78.2,85.8,50.0
2009-11-22,15/9-F-1C,202.9,1228.1,718.7,634.9,2281.5,78.3,85.8,50.0
2009-11-23,15/9-F-1C,167.1,1011.9,703.5,624.1,2260.4,78.0,85.8,50.0
2009-11-24,15/9-F-1C,231.9,1404.7,741.7,618.6,2250.0,79.7,85.8,50.0
2009-11-25,15/9-F-1C,241.8,1464.7,717.2,633.1,2279.6,79.3,85.8,50.0
2009-11-26,15/9-F-1C,214.8,1301.6,678.9,635.3,2284.6,79.0,85.8,50.0
2009-11-27,15/9-F-1C,207.8,1259.6,721.3,637.4,2289.3,77.4,85.8,50.0
2009-11-28,15/9-F-1C,151.5,918.4,734.5,620.5,2256.2,79.9,85.8,50.0
2009-11-28,15/9-F-1C,217.6,1319.5,710.7,629.2,2274.2,79.2,85.8,50.0
2009-11-28,15/9-F-1C,112.6,683.1,753.5,617.6,2251.7,78.3,85.8,50.0
2009-11-01,15/9-F-1C,172.0,1043.1,731.1,626.4,2269.8,79.0,85.8,50.0
2009-11-02,15/9-F-1C,143.0,867.3,718.9,619.1,2255.7,79.8,85.8,50.0
2009-11-03,15/9-F-1C,272.0,1650.2,738.6,615.5,2249.3,77.4,85.9,50.0
2009-11-04,15/9-F-1C,189.0,1147.2,715.4,619.3,2257.4,79.9,85.9,50.0
2009-11-05,15/9-F-1C,162.2,984.6,718.2,629.7,2278.8,78.4,85.9,50.0
2009-11-06,15/9-F-1C,224.5,1362.9,743.8,615.0,2250.0,79.0,85.9,50.0
2009-12-07,15/9-F-1C,121.4,737.3,727.6,618.3,2257.2,79.6,85.9,50.0
2009-12-08,15/9-F-1C,250.6,1522.1,705.4,622.1,2265.5,79.2,85.9,50.0
2009-12-09,15/9-F-1C,206.2,1252.4,745.3,607.1,2236.0,80.2,85.9,50.0
2009-12-10,15/9-F-1C,161.9,983.4,765.0,631.1,2284.7,79.6,85.9,50.0
2009-12-11,15/9-F-1C,211.8,1287.1,744.6,612.3,2247.5,80.9,85.9,50.0
2009-12-12,15/9-F-1C,130.3,791.5,778.5,607.8,2239.3,79.7,85.9,50.0
2009-12-13,15/9-F-1C,193.3,1175.0,729.8,626.5,2277.2,80.8,85.9,50.0
2009-12-14,15/9-F-1C,196.9,1196.6,733.3,616.3,2257.4,80.5,85.9,50.0
2009-12-15,15/9-F-1C,173.0,1051.6,774.2,605.6,2236.5,78.9,85.9,50.0
2009-12-16,15/9-F-1C,195.2,1186.7,680.3,612.1,2250.1,79.8,85.9,50.0
2009-12-17,15/9-F-1C,199.2,1211.4,746.0,610.5,2247.5,79.8,85.9,50.0
2009-12-18,15/9-F-1C,127.1,773.2,721.2,608.0,2243.3,80.1,85.9,50.0
2009-12-19,15/9-F-1C,165.0,1003.5,733.0,604.0,2235.7,81.5,85.9,50.0
2009-12-20,15/9-F-1C,210.6,1281.4,744.6,608.7,2245.9,81.0,85.9,50.0
2009-12-21,15/9-F-1C,266.8,1623.3,722.9,609.4,2247.7,79.6,85.9,50.0
2009-12-22,15/9-F-1C,202.7,1233.8,746.1,593.8,2217.2,80.1,85.9,50.0
2009-12-23,15/9-F-1C,169.3,1030.7,721.0,597.9,2225.9,80.2,85.9,50.0
2009-12-24,15/9-F-1C,258.5,1573.9,727.0,611.6,2253.9,81.6,85.9,50.0
2009-12-25,15/9-F-1C,216.0,1314.8,753.7,599.0,2229.5,81.9,85.9,50.0
2009-12-26,15/9-F-1C,171.7,1045.8,743.5,614.1,2260.1,81.0,85.9,50.0
2009-12-27,15/9-F-1C,218.5,1330.7,727.7,595.1,2222.8,80.6,85.9,50.0
2009-12-28,15/9-F-1C,113.2,689.7,775.0,609.4,2252.1,81.4,85.9,50.0
2009-12-28,15/9-F-1C,148.8,906.2,734.4,616.5,2266.7,81.6,85.9,50.0
2009-12-28,15/9-F-1C,124.9,760.9,745.0,593.0,2220.4,82.8,85.9,50.0
2009-12-01,15/9-F-1C,270.4,1647.3,725.8,582.3,2199.6,81.3,85.9,50.0
2009-12-02,15/9-F-1C,188.4,1148.1,754.9,604.1,2243.8,82.2,85.9,50.0
2009-12-03,15/9-F-1C,145.7,888.1,714.7,598.1,2232.4,82.7,85.9,50.0
2009-12-04,15/9-F-1C,214.6,1308.2,724.0,602.0,2240.8,82.1,85.9,50.0
2009-12-05,15/9-F-1C,179.4,1093.5,738.6,594.5,2226.5,80.6,85.9,50.0
2008-01-01,15/9-F-11B,2243.9,226.1,631.3,1255.7,3111.4,82.6,9.2,80.0
2008-01-02,15/9-F-11B,2093.4,211.3,629.5,1251.5,3103.6,82.8,9.2,80.0
2008-01-03,15/9-F-11B,2205.0,223.1,637.2,1255.0,3111.3,81.8,9.2,80.0
2008-01-04,15/9-F-11B,2203.7,223.4,618.6,1238.6,3078.9,80.9,9.2,80.0
2008-01-05,15/9-F-11B,2103.6,213.7,603.9,1254.5,3111.4,81.4,9.2,80.0
2008-01-06,15/9-F-11B,2135.7,217.4,617.8,1238.5,3080.0,81.3,9.2,80.0
2008-01-07,15/9-F-11B,2110.2,215.3,597.0,1252.1,3107.7,81.9,9.3,80.0
2008-01-08,15/9-F-11B,2413.3,246.8,624.1,1249.1,3102.4,82.0,9.3,80.0
2008-01-09,15/9-F-11B,2101.9,215.4,647.0,1239.9,3084.7,82.4,9.3,80.0
2008-01-10,15/9-F-11B,1971.4,202.5,639.6,1237.7,3080.7,83.1,9.3,80.0
2008-01-11,15/9-F-11B,2079.8,214.2,572.8,1244.0,3093.9,84.1,9.3,80.0
2008-01-12,15/9-F-11B,2059.4,212.6,614.6,1234.5,3075.7,82.8,9.4,80.0
2008-01-13,15/9-F-11B,2046.7,211.7,615.8,1231.1,3069.5,83.7,9.4,80.0
2008-01-14,15/9-F-11B,2055.8,213.2,636.3,1233.4,3074.7,83.4,9.4,80.0
2008-01-15,15/9-F-11B,2197.0,228.4,596.4,1234.2,3076.9,80.7,9.4,80.0
2008-01-16,15/9-F-11B,1990.3,207.4,660.6,1231.4,3071.8,82.8,9.4,80.0
2008-01-17,15/9-F-11B,1999.0,208.8,549.9,1237.3,3084.3,82.9,9.5,80.0
2008-01-18,15/9-F-11B,2102.5,220.2,633.8,1246.7,3103.7,83.4,9.5,80.0
2008-01-19,15/9-F-11B,2360.3,247.8,635.3,1243.1,3096.9,83.1,9.5,80.0
2008-01-20,15/9-F-11B,2206.6,232.3,622.0,1224.7,3060.8,82.8,9.5,80.0
2008-01-21,15/9-F-11B,2122.0,224.0,639.5,1228.1,3068.2,84.0,9.5,80.0
2008-01-22,15/9-F-11B,2156.4,228.2,569.2,1219.5,3051.6,83.6,9.6,80.0
2008-01-23,15/9-F-11B,2032.8,215.7,613.3,1228.3,3069.8,83.3,9.6,80.0
2008-01-24,15/9-F-11B,1903.5,202.5,598.4,1232.3,3078.5,84.6,9.6,80.0
2008-01-25,15/9-F-11B,2163.1,230.8,626.5,1244.0,3102.4,83.2,9.6,80.0
2008-01-26,15/9-F-11B,2080.9,222.7,611.7,1230.2,3075.4,85.2,9.7,80.0
2008-01-27,15/9-F-11B,2095.7,224.9,651.1,1237.1,3089.7,84.3,9.7,80.0
2008-01-28,15/9-F-11B,2027.3,218.1,612.9,1213.3,3042.8,84.7,9.7,80.0
2008-01-28,15/9-F-11B,1988.2,214.6,674.5,1213.4,3043.6,85.2,9.7,80.0
2008-01-28,15/9-F-11B,2185.5,236.5,653.8,1227.7,3072.8,83.1,9.8,80.0
2008-01-01,15/9-F-11B,2102.8,228.3,625.5,1233.1,3084.3,85.6,9.8,80.0
2008-02-02,15/9-F-11B,2096.5,228.3,610.4,1225.6,3069.7,84.2,9.8,80.0
2008-02-03,15/9-F-11B,2079.5,227.1,655.0,1233.6,3086.4,83.8,9.8,80.0
2008-02-04,15/9-F-11B,1898.5,208.0,650.0,1221.7,3063.3,83.3,9.9,80.0
2008-02-05,15/9-F-11B,2123.4,233.3,647.8,1215.0,3050.4,84.7,9.9,80.0
2008-02-06,15/9-F-11B,2034.4,224.2,637.5,1216.5,3054.0,85.9,9.9,80.0
2008-02-07,15/9-F-11B,1924.8,212.8,592.0,1227.0,3075.5,84.3,10.0,80.0
2008-02-08,15/9-F-11B,2038.2,226.1,624.9,1210.0,3042.2,86.5,10.0,80.0
2008-02-09,15/9-F-11B,2053.5,228.5,578.9,1223.3,3069.4,85.6,10.0,80.0
2008-02-10,15/9-F-11B,1996.5,222.9,647.6,1203.3,3030.1,84.8,10.0,80.0
2008-02-11,15/9-F-11B,1876.6,210.2,632.7,1213.2,3050.5,84.4,10.1,80.0
2008-02-12,15/9-F-11B,1904.3,214.1,606.5,1212.9,3050.3,84.9,10.1,80.0
2008-02-13,15/9-F-11B,1933.2,218.1,613.6,1216.2,3057.7,84.9,10.1,80.0
2008-02-14,15/9-F-11B,2220.3,251.3,626.8,1200.4,3026.7,84.8,10.2,80.0
2008-02-15,15/9-F-11B,2036.7,231.3,650.0,1212.4,3051.2,84.7,10.2,80.0
2008-02-16,15/9-F-11B,2190.3,249.6,677.7,1209.3,3045.5,86.4,10.2,80.0
2008-02-17,15/9-F-11B,1991.9,227.8,623.8,1207.4,3042.4,85.8,10.3,80.0
2008-02-18,15/9-F-11B,2085.9,239.5,638.4,1213.4,3055.1,84.2,10.3,80.0
2008-02-19,15/9-F-11B,1852.3,213.4,599.1,1200.3,3029.5,85.9,10.3,80.0
2008-02-20,15/9-F-11B,2052.0,237.3,614.6,1206.8,3043.0,85.5,10.4,80.0
2008-02-21,15/9-F-11B,1974.7,229.2,597.0,1198.4,3026.8,87.2,10.4,80.0
2008-02-22,15/9-F-11B,1915.2,223.1,615.7,1207.8,3046.3,87.1,10.4,80.0
2008-02-23,15/9-F-11B,1779.0,208.1,628.4,1194.8,3020.9,85.5,10.5,80.0
2008-02-24,15/9-F-11B,1832.2,215.1,607.9,1203.3,3038.3,84.8,10.5,80.0
2008-02-25,15/9-F-11B,2025.1,238.7,616.1,1195.9,3024.3,85.2,10.5,80.0
2008-02-26,15/9-F-11B,1807.5,213.9,597.2,1195.2,3023.3,85.4,10.6,80.0
2008-02-27,15/9-F-11B,1905.6,226.4,631.5,1216.3,3066.2,86.0,10.6,80.0
2008-02-28,15/9-F-11B,1964.1,234.3,628.1,1209.5,3053.1,87.0,10.7,80.0
2008-02-28,15/9-F-11B,2020.5,242.0,625.9,1198.0,3030.9,86.0,10.7,80.0
2008-02-28,15/9-F-11B,2106.0,253.3,597.2,1205.8,3047.0,85.2,10.7,80.0
2008-02-01,15/9-F-11B,1926.8,232.7,552.6,1212.7,3061.3,86.5,10.8,80.0
2008-03-02,15/9-F-11B,1805.8,219.0,659.2,1180.7,2998.1,85.2,10.8,80.0
2008-03-03,15/9-F-11B,1973.3,240.3,652.7,1183.4,3004.0,85.9,10.9,80.0
2008-03-04,15/9-F-11B,1943.6,237.7,663.6,1195.0,3027.8,85.7,10.9,80.0
2008-03-05,15/9-F-11B,2005.4,246.3,630.3,1189.3,3016.9,86.2,10.9,80.0
2008-03-06,15/9-F-11B,1887.0,232.8,653.5,1186.5,3012.0,86.5,11.0,80.0
2008-03-07,15/9-F-11B,1793.2,222.2,650.7,1201.8,3043.2,86.1,11.0,80.0
2008-03-08,15/9-F-11B,1757.0,218.7,606.0,1196.0,3032.2,85.6,11.1,80.0
2008-03-09,15/9-F-11B,1912.2,239.1,626.5,1183.8,3008.3,85.9,11.1,80.0
2008-03-10,15/9-F-11B,1950.3,245.0,641.1,1177.9,2997.3,85.0,11.2,80.0
2008-03-11,15/9-F-11B,2003.0,252.8,640.4,1185.5,3012.9,86.7,11.2,80.0
2008-03-12,15/9-F-11B,1986.4,251.8,638.0,1190.3,3023.2,87.2,11.3,80.0
2008-03-13,15/9-F-11B,1856.4,236.5,637.4,1200.3,3043.8,87.5,11.3,80.0
2008-03-14,15/9-F-11B,2017.9,258.3,648.2,1173.4,2990.6,87.5,11.3,80.0
2008-03-15,15/9-F-11B,1855.7,238.6,639.0,1183.5,3011.4,85.5,11.4,80.0
2008-03-16,15/9-F-11B,1943.4,251.1,567.6,1172.4,2989.8,88.0,11.4,80.0
2008-03-17,15/9-F-11B,2026.1,263.1,632.2,1167.7,2981.0,86.5,11.5,80.0
2008-03-18,15/9-F-11B,1833.7,239.3,611.0,1178.2,3002.6,85.1,11.5,80.0
2008-03-19,15/9-F-11B,1938.5,254.3,619.0,1169.5,2985.8,86.7,11.6,80.0
2008-03-20,15/9-F-11B,1948.2,256.8,627.7,1179.0,3005.4,88.3,11.6,80.0
2008-03-21,15/9-F-11B,1912.4,253.4,624.4,1174.3,2996.6,88.5,11.7,80.0
2008-03-22,15/9-F-11B,1951.1,259.8,625.0,1175.3,2999.3,86.7,11.8,80.0
2008-03-23,15/9-F-11B,1691.3,226.4,634.7,1168.1,2985.3,85.8,11.8,80.0
2008-03-24,15/9-F-11B,1768.7,238.0,650.5,1175.5,3000.7,86.0,11.9,80.0
2008-03-25,15/9-F-11B,1881.5,254.5,606.4,1181.2,3012.7,87.6,11.9,80.0
2008-03-26,15/9-F-11B,1847.6,251.3,667.8,1170.9,2992.9,86.8,12.0,80.0
2008-03-27,15/9-F-11B,1982.1,271.0,628.8,1175.2,3002.0,86.6,12.0,80.0
2008-03-28,15/9-F-11B,1862.8,256.1,631.9,1172.0,2996.2,86.4,12.1,80.0
2008-03-28,15/9-F-11B,2011.5,278.1,591.0,1155.3,2963.5,87.4,12.1,80.0
2008-03-28,15/9-F-11B,1795.0,249.5,632.2,1173.4,3000.2,87.3,12.2,80.0
2008-03-01,15/9-F-11B,1743.5,243.7,663.4,1157.9,2969.8,88.4,12.3,80.0
2008-03-02,15/9-F-11B,1765.7,248.2,628.8,1170.7,2995.9,86.6,12.3,80.0
2008-04-03,15/9-F-11B,1758.9,248.7,628.7,1159.4,2974.1,85.7,12.4,80.0
2008-04-04,15/9-F-11B,1789.9,254.5,596.5,1179.2,3014.2,86.3,12.5,80.0
2008-04-05,15/9-F-11B,1474.9,211.0,630.0,1160.9,2978.1,87.3,12.5,80.0
2008-04-06,15/9-F-11B,1795.4,258.3,625.4,1166.6,2990.2,86.5,12.6,80.0
2008-04-07,15/9-F-11B,1725.2,249.7,608.9,1171.0,2999.7,87.9,12.6,80.0
2008-04-08,15/9-F-11B,1824.0,265.6,613.5,1165.2,2988.6,87.7,12.7,80.0
2008-04-09,15/9-F-11B,1814.9,265.8,631.9,1157.2,2973.2,85.3,12.8,80.0
2008-04-10,15/9-F-11B,1910.0,281.4,583.1,1172.7,3004.8,87.9,12.8,80.0
2008-04-11,15/9-F-11B,1786.5,264.9,633.2,1158.1,2976.2,86.9,12.9,80.0
2008-04-12,15/9-F-11B,1809.1,269.9,665.0,1162.3,2985.2,86.9,13.0,80.0
2008-04-13,15/9-F-11B,1870.5,280.8,619.2,1155.9,2973.0,87.4,13.1,80.0
2008-04-14,15/9-F-11B,1773.3,267.9,660.5,1156.6,2975.0,87.5,13.1,80.0
2008-04-15,15/9-F-11B,1771.8,269.3,653.9,1156.6,2975.5,87.3,13.2,80.0
2008-04-16,15/9-F-11B,1702.6,260.5,617.7,1156.6,2976.2,85.8,13.3,80.0
2008-04-17,15/9-F-11B,1797.3,276.7,617.7,1160.7,2985.1,87.5,13.3,80.0
2008-04-18,15/9-F-11B,1773.8,274.9,649.7,1167.8,2999.9,87.8,13.4,80.0
2008-04-19,15/9-F-11B,1753.2,273.5,647.4,1141.6,2948.0,86.2,13.5,80.0
2008-04-20,15/9-F-11B,1736.4,272.7,618.2,1166.4,2998.2,86.3,13.6,80.0
2008-04-21,15/9-F-11B,1728.7,273.2,636.0,1157.3,2980.7,86.8,13.6,80.0
2008-04-22,15/9-F-11B,1873.7,298.2,630.0,1159.1,2984.8,87.7,13.7,80.0
2008-04-23,15/9-F-11B,1676.7,268.6,640.5,1160.1,2987.5,86.9,13.8,80.0
2008-04-24,15/9-F-11B,1743.6,281.2,631.1,1141.3,2950.4,87.4,13.9,80.0
2008-04-25,15/9-F-11B,1848.4,300.2,609.4,1138.3,2944.9,86.9,14.0,80.0
2008-04-26,15/9-F-11B,1810.9,296.2,636.3,1140.2,2949.5,85.7,14.1,80.0
2008-04-27,15/9-F-11B,1644.7,270.8,645.6,1150.8,2971.3,85.2,14.1,80.0
2008-04-28,15/9-F-11B,1613.0,267.5,627.0,1131.1,2932.3,86.6,14.2,80.0
2008-04-28,15/9-F-11B,1597.9,266.9,637.7,1144.0,2958.7,88.3,14.3,80.0
2008-04-28,15/9-F-11B,1649.1,277.4,598.9,1141.5,2954.4,86.5,14.4,80.0
2008-04-01,15/9-F-11B,1684.4,285.4,614.9,1138.1,2948.3,86.6,14.5,80.0
2008-04-02,15/9-F-11B,1489.9,254.2,626.9,1144.4,2961.3,86.2,14.6,80.0
2008-05-03,15/9-F-11B,1730.0,297.4,595.9,1143.9,2961.0,86.0,14.7,80.0
2008-05-04,15/9-F-11B,1834.3,317.6,654.9,1145.5,2964.7,85.4,14.8,80.0
2008-05-05,15/9-F-11B,1610.9,281.0,612.3,1149.8,2974.1,86.6,14.9,80.0
2008-05-06,15/9-F-11B,1741.8,306.1,663.7,1138.5,2952.1,86.1,14.9,80.0
2008-05-07,15/9-F-11B,1736.8,307.5,665.5,1134.4,2944.4,84.8,15.0,80.0
2008-05-08,15/9-F-11B,1637.4,292.1,583.8,1131.5,2939.1,86.2,15.1,80.0
2008-05-09,15/9-F-11B,1912.3,343.8,651.1,1142.1,2961.0,85.1,15.2,80.0
2008-05-10,15/9-F-11B,1798.1,325.7,668.4,1146.8,2971.0,86.8,15.3,80.0
2008-05-11,15/9-F-11B,1636.3,298.7,626.8,1139.3,2956.6,85.8,15.4,80.0
2008-05-12,15/9-F-11B,1638.4,301.4,613.9,1130.1,2938.7,85.1,15.5,80.0
2008-05-13,15/9-F-11B,1648.4,305.7,643.8,1134.3,2947.7,86.2,15.6,80.0
2008-05-14,15/9-F-11B,1634.8,305.5,633.7,1130.7,2941.3,85.3,15.7,80.0
2008-05-15,15/9-F-11B,1641.4,309.2,653.6,1128.8,2938.0,84.9,15.9,80.0
2008-05-16,15/9-F-11B,1638.7,311.1,606.4,1136.2,2953.3,85.5,16.0,80.0
2008-05-17,15/9-F-11B,1723.0,329.8,675.3,1125.6,2932.9,86.5,16.1,80.0
2008-05-18,15/9-F-11B,1576.9,304.3,669.5,1121.6,2925.4,86.4,16.2,80.0
2008-05-19,15/9-F-11B,1688.5,328.5,628.0,1130.2,2943.2,84.8,16.3,80.0
2008-05-20,15/9-F-11B,1633.3,320.3,688.7,1129.3,2941.9,84.2,16.4,80.0
2008-05-21,15/9-F-11B,1522.1,301.0,634.2,1125.5,2934.9,84.7,16.5,80.0
2008-05-22,15/9-F-11B,1455.9,290.3,626.4,1116.2,2917.0,84.5,16.6,80.0
2008-05-23,15/9-F-11B,1670.9,335.9,640.6,1125.5,2936.1,85.9,16.7,80.0
2008-05-24,15/9-F-11B,1667.9,338.2,653.3,1129.3,2944.3,87.4,16.9,80.0
2008-05-25,15/9-F-11B,1619.7,331.2,593.5,1120.5,2927.5,83.6,17.0,80.0
2008-05-26,15/9-F-11B,1657.3,341.7,686.6,1122.4,2931.8,85.1,17.1,80.0
2008-05-27,15/9-F-11B,1615.0,335.9,664.7,1122.7,2932.9,84.2,17.2,80.0
2008-05-28,15/9-F-11B,1607.5,337.2,633.5,1110.2,2908.6,84.8,17.3,80.0
2008-05-28,15/9-F-11B,1562.3,330.5,657.0,1110.9,2910.7,85.6,17.5,80.0
2008-05-28,15/9-F-11B,1603.2,342.2,619.7,1119.7,2928.8,85.8,17.6,80.0
2008-05-01,15/9-F-11B,1506.9,324.4,668.9,1108.1,2906.1,85.7,17.7,80.0
2008-05-02,15/9-F-11B,1501.5,326.1,617.1,1100.1,2890.8,83.9,17.8,80.0
2008-05-03,15/9-F-11B,1619.2,354.8,618.2,1105.1,2901.4,84.6,18.0,80.0
2008-06-04,15/9-F-11B,1578.6,349.0,631.2,1120.4,2932.6,84.5,18.1,80.0
2008-06-05,15/9-F-11B,1623.0,362.0,643.2,1105.2,2902.8,84.0,18.2,80.0
2008-06-06,15/9-F-11B,1604.5,361.1,666.8,1101.9,2896.8,84.8,18.4,80.0
2008-06-07,15/9-F-11B,1565.8,355.6,609.9,1098.0,2889.6,85.7,18.5,80.0
2008-06-08,15/9-F-11B,1431.5,328.1,586.6,1098.2,2890.6,84.8,18.6,80.0
2008-06-09,15/9-F-11B,1635.9,378.3,679.5,1110.5,2915.9,83.7,18.8,80.0
2008-06-10,15/9-F-11B,1522.6,355.4,626.0,1111.0,2917.3,84.2,18.9,80.0
2008-06-11,15/9-F-11B,1582.5,372.8,666.5,1110.0,2916.0,83.9,19.1,80.0
2008-06-12,15/9-F-11B,1436.6,341.5,647.7,1110.5,2917.6,83.7,19.2,80.0
2008-06-13,15/9-F-11B,1469.5,352.6,685.1,1113.7,2924.6,84.4,19.4,80.0
2008-06-14,15/9-F-11B,1635.4,396.1,674.0,1094.3,2886.4,82.9,19.5,80.0
2008-06-15,15/9-F-11B,1643.6,401.9,627.9,1100.1,2898.5,83.4,19.6,80.0
2008-06-16,15/9-F-11B,1544.0,381.1,596.5,1092.0,2883.0,84.0,19.8,80.0
2008-06-17,15/9-F-11B,1547.9,385.7,650.4,1098.6,2896.9,83.3,19.9,80.0
2008-06-18,15/9-F-11B,1470.3,369.9,636.5,1100.0,2900.2,82.5,20.1,80.0
2008-06-19,15/9-F-11B,1442.8,366.4,634.8,1112.4,2925.5,82.7,20.3,80.0
2008-06-20,15/9-F-11B,1341.4,344.0,618.9,1097.1,2895.6,82.9,20.4,80.0
2008-06-21,15/9-F-11B,1509.8,390.9,651.2,1105.0,2912.1,83.5,20.6,80.0
2008-06-22,15/9-F-11B,1407.4,367.9,627.0,1087.4,2877.5,84.1,20.7,80.0
2008-06-23,15/9-F-11B,1443.6,381.1,685.2,1088.0,2879.2,83.0,20.9,80.0
2008-06-24,15/9-F-11B,1346.2,358.9,638.7,1095.4,2894.7,81.7,21.0,80.0
2008-06-25,15/9-F-11B,1440.0,387.7,660.2,1108.2,2920.8,83.6,21.2,80.0
2008-06-26,15/9-F-11B,1367.7,371.9,674.2,1094.2,2893.3,82.2,21.4,80.0
2008-06-27,15/9-F-11B,1352.0,371.3,607.7,1087.7,2881.0,81.9,21.5,80.0
2008-06-28,15/9-F-11B,1440.1,399.4,670.6,1064.9,2836.0,82.6,21.7,80.0
2008-06-28,15/9-F-11B,1464.1,410.1,659.3,1089.4,2885.6,82.8,21.9,80.0
2008-06-28,15/9-F-11B,1517.5,429.4,651.3,1079.3,2866.0,82.3,22.1,80.0
2008-06-01,15/9-F-11B,1441.4,412.0,627.7,1087.3,2882.6,81.6,22.2,80.0
2008-06-02,15/9-F-11B,1462.1,422.2,646.1,1084.4,2877.3,83.6,22.4,80.0
2008-06-03,15/9-F-11B,1476.9,430.8,645.2,1091.1,2891.4,80.9,22.6,80.0
2008-07-04,15/9-F-11B,1385.6,408.3,608.2,1087.7,2885.1,82.1,22.8,80.0
2008-07-05,15/9-F-11B,1385.0,412.3,652.6,1089.7,2889.7,81.6,22.9,80.0
2008-07-06,15/9-F-11B,1348.9,405.7,646.9,1089.7,2890.3,82.0,23.1,80.0
2008-07-07,15/9-F-11B,1309.8,398.0,635.0,1067.1,2845.8,80.9,23.3,80.0
2008-07-08,15/9-F-11B,1412.0,433.6,654.7,1080.5,2873.2,81.2,23.5,80.0
2008-07-09,15/9-F-11B,1471.3,456.5,648.7,1081.7,2876.2,81.6,23.7,80.0
2008-07-10,15/9-F-11B,1445.6,453.2,609.1,1081.1,2875.7,79.9,23.9,80.0
2008-07-11,15/9-F-11B,1450.8,459.6,661.7,1082.4,2878.8,80.8,24.1,80.0
2008-07-12,15/9-F-11B,1273.3,407.6,632.0,1072.1,2858.9,81.2,24.3,80.0
2008-07-13,15/9-F-11B,1386.2,448.5,614.9,1067.3,2849.9,81.0,24.4,80.0
2008-07-14,15/9-F-11B,1368.3,447.4,664.5,1084.5,2884.8,80.9,24.6,80.0
2008-07-15,15/9-F-11B,1292.3,427.0,651.0,1070.2,2856.9,81.1,24.8,80.0
2008-07-16,15/9-F-11B,1412.8,471.8,663.3,1087.4,2891.8,82.4,25.0,80.0
2008-07-17,15/9-F-11B,1304.9,440.5,655.1,1070.7,2859.1,81.3,25.2,80.0
2008-07-18,15/9-F-11B,1440.7,491.5,615.5,1072.5,2863.2,80.2,25.4,80.0
2008-07-19,15/9-F-11B,1285.8,443.4,637.1,1083.0,2884.7,81.7,25.6,80.0
2008-07-20,15/9-F-11B,1386.6,483.3,709.8,1077.1,2873.6,81.4,25.8,80.0
2008-07-21,15/9-F-11B,1391.4,490.3,630.1,1058.4,2836.8,80.6,26.1,80.0
2008-07-22,15/9-F-11B,1246.4,444.0,627.0,1064.5,2849.5,80.2,26.3,80.0
2008-07-23,15/9-F-11B,1231.4,443.4,647.0,1068.8,2858.9,81.3,26.5,80.0
2008-07-24,15/9-F-11B,1266.5,461.0,660.4,1070.6,2863.1,79.5,26.7,80.0
2008-07-25,15/9-F-11B,1385.7,510.0,636.1,1054.7,2831.8,80.8,26.9,80.0
2008-07-26,15/9-F-11B,1370.3,509.8,662.3,1065.3,2853.6,79.7,27.1,80.0
2008-07-27,15/9-F-11B,1272.4,478.6,637.5,1066.0,2855.5,80.2,27.3,80.0
2008-07-28,15/9-F-11B,1299.2,494.1,683.1,1068.0,2860.2,80.8,27.6,80.0
2008-07-28,15/9-F-11B,1295.1,498.0,637.0,1061.5,2847.7,79.9,27.8,80.0
2008-07-28,15/9-F-11B,1268.6,493.2,674.1,1055.3,2835.9,80.8,28.0,80.0
2008-07-01,15/9-F-11B,1267.2,498.2,661.5,1058.6,2843.1,79.1,28.2,80.0
2008-07-02,15/9-F-11B,1233.6,490.4,678.4,1060.7,2848.1,78.6,28.4,80.0
2008-07-03,15/9-F-11B,1354.6,544.5,618.1,1071.0,2869.2,79.6,28.7,80.0
2008-07-04,15/9-F-11B,1333.8,542.2,665.2,1057.4,2842.5,80.6,28.9,80.0
2008-08-05,15/9-F-11B,1377.9,566.4,693.6,1058.2,2844.8,79.3,29.1,80.0
2008-08-06,15/9-F-11B,1260.9,524.1,648.8,1047.1,2823.1,79.1,29.4,80.0
2008-08-07,15/9-F-11B,1273.6,535.4,650.0,1050.5,2830.7,79.2,29.6,80.0
2008-08-08,15/9-F-11B,1225.9,521.2,654.6,1052.8,2835.8,79.5,29.8,80.0
2008-08-09,15/9-F-11B,1319.9,567.5,649.6,1053.5,2837.8,79.2,30.1,80.0
2008-08-10,15/9-F-11B,1205.8,524.3,640.0,1057.8,2847.0,78.8,30.3,80.0
2008-08-11,15/9-F-11B,1291.4,568.0,630.8,1044.8,2821.7,78.8,30.5,80.0
2008-08-12,15/9-F-11B,1224.9,544.9,646.9,1056.9,2846.5,80.3,30.8,80.0
2008-08-13,15/9-F-11B,1142.8,514.1,668.3,1055.7,2844.5,78.0,31.0,80.0
2008-08-14,15/9-F-11B,1158.0,526.9,662.4,1036.7,2807.1,79.7,31.3,80.0
2008-08-15,15/9-F-11B,1090.7,502.0,630.4,1045.1,2824.6,79.0,31.5,80.0
2008-08-16,15/9-F-11B,1129.6,525.9,651.3,1064.8,2864.6,79.1,31.8,80.0
2008-08-17,15/9-F-11B,1246.9,587.2,596.8,1045.4,2826.4,78.9,32.0,80.0
2008-08-18,15/9-F-11B,1270.7,605.3,610.8,1042.4,2821.1,79.7,32.3,80.0
2008-08-19,15/9-F-11B,1208.1,582.1,675.4,1058.4,2853.7,79.7,32.5,80.0
2008-08-20,15/9-F-11B,1230.2,599.6,623.7,1045.8,2829.1,77.9,32.8,80.0
2008-08-21,15/9-F-11B,1084.7,534.9,677.6,1047.2,2832.3,78.1,33.0,80.0
2008-08-22,15/9-F-11B,1144.7,571.0,646.1,1026.8,2792.1,79.6,33.3,80.0
2008-08-23,15/9-F-11B,1208.1,609.6,645.9,1034.8,2808.8,79.2,33.5,80.0
2008-08-24,15/9-F-11B,1098.9,560.9,640.9,1049.5,2838.8,78.6,33.8,80.0
2008-08-25,15/9-F-11B,1294.6,668.6,676.4,1026.3,2793.0,78.0,34.1,80.0
2008-08-26,15/9-F-11B,1108.8,579.3,634.4,1048.4,2837.8,79.4,34.3,80.0
2008-08-27,15/9-F-11B,978.6,517.2,676.9,1035.4,2812.5,78.0,34.6,80.0
2008-08-28,15/9-F-11B,1096.9,586.5,669.6,1026.4,2794.9,77.3,34.8,80.0
2008-08-28,15/9-F-11B,1174.0,635.1,676.3,1031.3,2805.4,77.3,35.1,80.0
2008-08-28,15/9-F-11B,1113.3,609.3,610.7,1018.6,2780.6,78.6,35.4,80.0
2008-08-01,15/9-F-11B,1130.5,626.0,640.9,1043.5,2831.0,78.2,35.6,80.0
2008-08-02,15/9-F-11B,1024.7,574.1,647.7,1037.6,2819.8,77.3,35.9,80.0
2008-08-03,15/9-F-11B,1148.2,650.8,621.8,1024.2,2793.7,78.2,36.2,80.0
2008-08-04,15/9-F-11B,1043.0,598.2,665.2,1039.4,2824.6,78.0,36.4,80.0
2008-09-05,15/9-F-11B,1068.0,619.7,595.0,1024.9,2796.1,77.7,36.7,80.0
2008-09-06,15/9-F-11B,1052.2,617.7,642.3,1029.3,2805.7,77.3,37.0,80.0
2008-09-07,15/9-F-11B,1008.3,598.9,695.3,1019.1,2785.8,78.0,37.3,80.0
2008-09-08,15/9-F-11B,1067.9,641.8,649.2,1030.0,2808.1,78.2,37.5,80.0
2008-09-09,15/9-F-11B,1131.4,688.0,657.8,1026.0,2800.8,77.7,37.8,80.0
2008-09-10,15/9-F-11B,1051.5,647.0,653.3,1009.5,2768.4,77.2,38.1,80.0
2008-09-11,15/9-F-11B,1102.9,686.6,684.9,1029.7,2809.3,77.4,38.4,80.0
2008-09-12,15/9-F-11B,1076.9,678.4,639.9,1017.6,2785.8,77.9,38.6,80.0
2008-09-13,15/9-F-11B,1020.2,650.3,660.6,1026.3,2803.9,76.8,38.9,80.0
2008-09-14,15/9-F-11B,998.9,644.2,673.1,1019.3,2790.4,76.5,39.2,80.0
2008-09-15,15/9-F-11B,987.3,644.4,635.1,1026.0,2804.5,78.1,39.5,80.0
2008-09-16,15/9-F-11B,1035.8,684.0,657.4,1008.5,2770.1,78.1,39.8,80.0
2008-09-17,15/9-F-11B,943.4,630.4,710.2,1025.2,2803.9,76.9,40.1,80.0
2008-09-18,15/9-F-11B,1096.3,741.2,667.0,1026.8,2807.7,76.9,40.3,80.0
2008-09-19,15/9-F-11B,965.5,660.6,621.9,1026.0,2806.8,76.5,40.6,80.0
2008-09-20,15/9-F-11B,978.8,677.6,660.6,1019.0,2793.4,76.8,40.9,80.0
2008-09-21,15/9-F-11B,971.3,680.4,671.0,1011.9,2779.8,76.8,41.2,80.0
2008-09-22,15/9-F-11B,1058.2,750.0,682.5,1019.5,2795.7,76.3,41.5,80.0
2008-09-23,15/9-F-11B,987.8,708.5,632.1,1011.7,2780.5,76.7,41.8,80.0
2008-09-24,15/9-F-11B,1060.4,769.6,669.2,1010.9,2779.7,76.9,42.1,80.0
2008-09-25,15/9-F-11B,957.1,702.9,655.4,1008.4,2775.1,76.6,42.3,80.0
2008-09-26,15/9-F-11B,858.0,637.6,625.8,1004.4,2767.8,78.2,42.6,80.0
2008-09-27,15/9-F-11B,953.8,717.2,653.6,996.6,2752.7,77.9,42.9,80.0
2008-09-28,15/9-F-11B,952.0,724.3,660.9,1015.1,2790.5,76.8,43.2,80.0
2008-09-28,15/9-F-11B,919.3,707.7,656.0,1008.4,2777.6,77.9,43.5,80.0
2008-09-28,15/9-F-11B,849.7,662.0,671.2,1000.7,2762.8,76.7,43.8,80.0
2008-09-01,15/9-F-11B,888.8,700.6,680.3,1009.5,2780.9,76.3,44.1,80.0
2008-09-02,15/9-F-11B,861.9,687.5,603.5,1009.5,2781.6,77.4,44.4,80.0
2008-09-03,15/9-F-11B,916.2,739.5,664.6,993.7,2750.5,78.1,44.7,80.0
2008-09-04,15/9-F-11B,984.8,804.3,634.4,1011.8,2787.5,77.1,45.0,80.0
2008-09-05,15/9-F-11B,820.4,677.9,632.6,1002.6,2769.5,77.1,45.2,80.0
2008-10-06,15/9-F-11B,992.3,829.7,664.4,1003.2,2771.3,77.1,45.5,80.0
2008-10-07,15/9-F-11B,962.5,814.3,634.2,1020.8,2807.1,76.4,45.8,80.0
2008-10-08,15/9-F-11B,913.4,781.9,669.6,1005.7,2777.7,76.2,46.1,80.0
2008-10-09,15/9-F-11B,844.1,731.1,685.0,1005.1,2777.0,78.1,46.4,80.0
2008-10-10,15/9-F-11B,918.7,805.2,649.2,989.2,2745.8,78.7,46.7,80.0
2008-10-11,15/9-F-11B,726.2,644.0,673.0,999.5,2767.1,76.7,47.0,80.0
2008-10-12,15/9-F-11B,908.8,815.4,686.7,1004.8,2778.1,77.1,47.3,80.0
2008-10-13,15/9-F-11B,864.7,785.0,679.9,984.4,2738.0,78.4,47.6,80.0
2008-10-14,15/9-F-11B,839.4,771.0,598.4,994.5,2758.8,77.3,47.9,80.0
2008-10-15,15/9-F-11B,809.3,752.1,644.1,998.5,2767.4,76.5,48.2,80.0
2008-10-16,15/9-F-11B,915.4,860.8,638.8,996.4,2763.7,76.3,48.5,80.0
2008-10-17,15/9-F-11B,741.5,705.5,673.6,997.4,2766.5,77.0,48.8,80.0
2008-10-18,15/9-F-11B,829.1,798.0,657.3,996.4,2765.1,77.0,49.0,80.0
2008-10-19,15/9-F-11B,785.3,764.7,675.0,996.7,2766.2,76.5,49.3,80.0
2008-10-20,15/9-F-11B,877.1,864.2,677.4,986.0,2745.4,75.8,49.6,80.0
2008-10-21,15/9-F-11B,794.5,791.9,649.4,991.5,2757.1,77.1,49.9,80.0
2008-10-22,15/9-F-11B,904.2,911.9,690.1,996.8,2768.2,76.5,50.2,80.0
2008-10-23,15/9-F-11B,828.9,845.7,694.7,982.6,2740.4,77.7,50.5,80.0
2008-10-24,15/9-F-11B,859.5,887.1,644.5,994.7,2765.2,77.3,50.8,80.0
2008-10-25,15/9-F-11B,815.2,851.1,661.2,980.9,2738.3,77.0,51.1,80.0
2008-10-26,15/9-F-11B,866.2,915.0,662.8,977.6,2732.2,76.6,51.4,80.0
2008-10-27,15/9-F-11B,799.2,854.1,695.6,994.0,2765.6,77.4,51.7,80.0
2008-10-28,15/9-F-11B,722.8,781.4,660.2,984.6,2747.4,77.4,51.9,80.0
2008-10-28,15/9-F-11B,671.3,734.1,643.0,982.2,2743.2,78.0,52.2,80.0
2008-10-28,15/9-F-11B,822.1,909.3,697.5,976.9,2733.3,77.9,52.5,80.0
2008-10-01,15/9-F-11B,763.2,853.9,672.7,979.6,2739.2,78.1,52.8,80.0
2008-10-02,15/9-F-11B,761.2,861.6,708.5,981.2,2743.0,77.4,53.1,80.0
2008-10-03,15/9-F-11B,683.9,783.0,651.3,974.3,2729.9,76.5,53.4,80.0
2008-10-04,15/9-F-11B,596.8,691.1,667.5,969.7,2721.3,77.8,53.7,80.0
2008-10-05,15/9-F-11B,643.2,753.4,623.4,961.5,2705.4,76.3,53.9,80.0
2008-11-06,15/9-F-11B,724.9,858.9,653.6,975.3,2733.6,77.3,54.2,80.0
2008-11-07,15/9-F-11B,770.7,923.5,643.0,974.9,2733.4,77.9,54.5,80.0
2008-11-08,15/9-F-11B,789.4,956.8,667.3,975.9,2735.9,76.8,54.8,80.0
2008-11-09,15/9-F-11B,709.6,869.8,646.8,967.5,2719.8,77.3,55.1,80.0
2008-11-10,15/9-F-11B,755.5,936.6,670.7,977.2,2739.8,78.1,55.4,80.0
2008-11-11,15/9-F-11B,654.6,820.7,637.1,976.0,2737.9,77.3,55.6,80.0
2008-11-12,15/9-F-11B,692.8,878.4,669.2,963.1,2712.8,77.7,55.9,80.0
2008-11-13,15/9-F-11B,663.7,851.0,685.6,959.6,2706.4,77.5,56.2,80.0
2008-11-14,15/9-F-11B,708.5,918.7,740.6,968.0,2723.7,78.9,56.5,80.0
2008-11-15,15/9-F-11B,719.6,943.6,656.0,962.2,2712.7,79.3,56.7,80.0
2008-11-16,15/9-F-11B,719.2,953.7,632.7,970.7,2730.4,78.4,57.0,80.0
2008-11-17,15/9-F-11B,737.4,988.8,695.6,977.8,2745.3,79.9,57.3,80.0
2008-11-18,15/9-F-11B,627.6,850.9,676.5,969.9,2730.1,80.2,57.6,80.0
2008-11-19,15/9-F-11B,602.4,825.9,663.8,975.6,2742.0,78.5,57.8,80.0
2008-11-20,15/9-F-11B,634.0,878.9,681.9,947.9,2687.1,77.8,58.1,80.0
2008-11-21,15/9-F-11B,622.0,871.9,673.9,967.2,2726.4,78.9,58.4,80.0
2008-11-22,15/9-F-11B,563.1,797.9,660.4,949.4,2691.4,79.0,58.6,80.0
2008-11-23,15/9-F-11B,693.4,993.5,656.0,959.2,2711.5,77.8,58.9,80.0
2008-11-24,15/9-F-11B,577.9,837.0,673.9,953.8,2701.4,79.3,59.2,80.0
2008-11-25,15/9-F-11B,666.4,975.9,694.3,957.5,2709.4,78.1,59.4,80.0
2008-11-26,15/9-F-11B,614.3,909.5,653.1,961.0,2717.0,78.3,59.7,80.0
2008-11-27,15/9-F-11B,613.5,918.2,666.2,968.7,2733.1,79.0,59.9,80.0
2008-11-28,15/9-F-11B,556.5,841.9,679.9,957.0,2710.3,79.9,60.2,80.0
2008-11-28,15/9-F-11B,591.8,905.1,662.5,954.9,2706.7,80.6,60.5,80.0
2008-11-28,15/9-F-11B,624.6,965.6,673.8,965.8,2728.9,78.1,60.7,80.0
2008-11-01,15/9-F-11B,635.6,993.1,680.4,966.6,2731.2,80.5,61.0,80.0
2008-11-02,15/9-F-11B,630.1,995.2,634.7,955.0,2708.6,80.0,61.2,80.0
2008-11-03,15/9-F-11B,524.5,837.2,697.3,939.1,2677.4,79.2,61.5,80.0
2008-11-04,15/9-F-11B,539.5,870.4,669.2,960.3,2720.4,78.9,61.7,80.0
2008-11-05,15/9-F-11B,553.0,901.7,650.2,940.2,2680.7,78.8,62.0,80.0
2008-11-06,15/9-F-11B,588.6,969.8,694.4,946.2,2693.3,78.4,62.2,80.0
2008-12-07,15/9-F-11B,605.2,1007.8,643.7,947.3,2696.3,78.9,62.5,80.0
2008-12-08,15/9-F-11B,507.0,853.2,700.8,949.0,2700.1,78.9,62.7,80.0
2008-12-09,15/9-F-11B,530.6,902.4,718.8,955.9,2714.6,80.4,63.0,80.0
2008-12-10,15/9-F-11B,542.4,932.0,660.5,959.7,2722.8,79.6,63.2,80.0
2008-12-11,15/9-F-11B,526.0,913.2,622.3,934.1,2672.1,80.9,63.5,80.0
2008-12-12,15/9-F-11B,543.0,952.6,702.1,936.7,2678.1,79.9,63.7,80.0
2008-12-13,15/9-F-11B,524.3,929.3,672.0,942.0,2689.2,80.1,63.9,80.0
2008-12-14,15/9-F-11B,633.8,1135.0,663.0,953.7,2713.1,79.6,64.2,80.0
2008-12-15,15/9-F-11B,612.8,1108.7,682.4,936.7,2679.9,80.3,64.4,80.0
2008-12-16,15/9-F-11B,540.2,987.4,668.7,943.5,2694.0,79.3,64.6,80.0
2008-12-17,15/9-F-11B,560.6,1035.1,664.3,932.7,2673.0,80.0,64.9,80.0
2008-12-18,15/9-F-11B,551.0,1027.8,670.5,928.4,2665.0,79.3,65.1,80.0
2008-12-19,15/9-F-11B,478.0,900.6,656.8,930.3,2669.4,81.1,65.3,80.0
2008-12-20,15/9-F-11B,459.5,874.6,660.3,938.7,2686.9,81.2,65.6,80.0
2008-12-21,15/9-F-11B,622.5,1196.6,624.7,930.7,2671.4,80.7,65.8,80.0
2008-12-22,15/9-F-11B,575.8,1117.9,684.0,925.2,2661.0,80.2,66.0,80.0
2008-12-23,15/9-F-11B,560.1,1098.3,673.2,939.2,2689.7,81.6,66.2,80.0
2008-12-24,15/9-F-11B,516.3,1022.5,695.1,928.3,2668.4,80.9,66.4,80.0
2008-12-25,15/9-F-11B,560.7,1121.5,680.0,930.1,2672.5,81.3,66.7,80.0
2008-12-26,15/9-F-11B,518.1,1046.4,686.5,928.4,2669.8,81.4,66.9,80.0
2008-12-27,15/9-F-11B,465.4,949.2,657.0,923.0,2659.7,79.6,67.1,80.0
2008-12-28,15/9-F-11B,483.4,995.4,691.2,938.9,2692.0,82.0,67.3,80.0
2008-12-28,15/9-F-11B,515.9,1072.7,681.3,922.0,2658.9,81.3,67.5,80.0
2008-12-28,15/9-F-11B,531.4,1115.5,677.1,921.3,2657.9,81.0,67.7,80.0
2008-12-01,15/9-F-11B,397.5,842.5,705.2,920.7,2657.3,81.6,67.9,80.0
2008-12-02,15/9-F-11B,384.6,823.1,682.0,927.1,2670.9,80.9,68.2,80.0
2008-12-03,15/9-F-11B,487.4,1052.9,681.5,924.7,2666.7,81.9,68.4,80.0
2008-12-04,15/9-F-11B,481.3,1049.5,681.0,927.0,2671.8,81.7,68.6,80.0
2008-12-05,15/9-F-11B,480.5,1057.9,696.7,930.7,2679.8,81.4,68.8,80.0
2009-01-01,15/9-F-11B,412.7,917.1,650.3,925.1,2669.2,81.3,69.0,80.0
2009-01-02,15/9-F-11B,413.4,927.2,639.6,909.7,2638.9,81.9,69.2,80.0
2009-01-03,15/9-F-11B,378.6,857.0,689.7,924.1,2668.4,81.8,69.4,80.0
2009-01-04,15/9-F-11B,413.9,945.7,714.8,919.6,2660.0,80.9,69.6,80.0
2009-01-05,15/9-F-11B,365.3,842.4,743.2,900.5,2622.5,82.3,69.7,80.0
2009-01-06,15/9-F-11B,456.2,1061.6,704.8,914.9,2651.7,83.0,69.9,80.0
2009-01-07,15/9-F-11B,386.8,908.2,702.9,918.4,2659.3,82.0,70.1,80.0
2009-01-08,15/9-F-11B,328.1,777.5,668.0,904.6,2632.4,84.2,70.3,80.0
2009-01-09,15/9-F-11B,344.0,822.5,670.9,932.9,2689.6,82.8,70.5,80.0
2009-01-10,15/9-F-11B,357.8,863.2,705.2,913.3,2651.0,84.6,70.7,80.0
2009-01-11,15/9-F-11B,438.4,1067.0,685.1,909.6,2644.3,82.3,70.9,80.0
2009-01-12,15/9-F-11B,500.1,1228.0,650.1,916.5,2658.6,81.6,71.1,80.0
2009-01-13,15/9-F-11B,355.5,880.7,698.0,923.5,2673.2,83.7,71.2,80.0
2009-01-14,15/9-F-11B,434.7,1086.2,664.6,911.7,2650.1,82.5,71.4,80.0
2009-01-15,15/9-F-11B,376.3,948.6,691.9,897.8,2623.0,83.5,71.6,80.0
2009-01-16,15/9-F-11B,396.8,1008.9,658.4,905.9,2639.8,84.2,71.8,80.0
2009-01-17,15/9-F-11B,421.1,1079.9,641.2,906.9,2642.5,84.0,71.9,80.0
2009-01-18,15/9-F-11B,371.3,960.3,657.5,910.2,2649.7,83.3,72.1,80.0
2009-01-19,15/9-F-11B,502.3,1310.1,658.8,912.6,2655.1,83.3,72.3,80.0
2009-01-20,15/9-F-11B,448.2,1179.1,696.7,896.0,2622.4,82.9,72.5,80.0
2009-01-21,15/9-F-11B,391.6,1038.7,690.3,903.5,2637.9,83.6,72.6,80.0
2009-01-22,15/9-F-11B,390.8,1045.2,695.8,898.3,2628.3,83.2,72.8,80.0
2009-01-23,15/9-F-11B,286.0,771.3,705.0,905.6,2643.4,82.6,73.0,80.0
2009-01-24,15/9-F-11B,367.8,1000.2,672.5,892.2,2617.3,82.7,73.1,80.0
2009-01-25,15/9-F-11B,354.5,971.9,647.5,893.8,2621.1,84.0,73.3,80.0
2009-01-26,15/9-F-11B,335.2,926.6,683.2,896.7,2627.4,84.1,73.4,80.0
2009-01-27,15/9-F-11B,341.1,950.5,666.2,896.1,2626.7,83.6,73.6,80.0
2009-01-28,15/9-F-11B,362.3,1017.8,661.9,907.1,2649.3,83.8,73.7,80.0
2009-01-28,15/9-F-11B,306.2,866.9,664.9,896.4,2628.7,83.6,73.9,80.0
2009-01-28,15/9-F-11B,339.3,968.4,658.1,898.1,2632.6,83.8,74.1,80.0
2009-01-01,15/9-F-11B,368.3,1059.4,693.6,897.7,2632.5,85.3,74.2,80.0
2009-02-02,15/9-F-11B,327.6,949.6,654.1,892.2,2622.1,84.9,74.4,80.0
2009-02-03,15/9-F-11B,347.8,1016.2,681.6,890.0,2618.2,84.7,74.5,80.0
2009-02-04,15/9-F-11B,277.3,816.6,656.7,902.5,2643.7,85.6,74.6,80.0
2009-02-05,15/9-F-11B,410.3,1217.5,637.1,883.5,2606.5,84.4,74.8,80.0
2009-02-06,15/9-F-11B,413.9,1237.5,690.4,890.6,2621.2,84.6,74.9,65.0
2009-02-07,15/9-F-11B,307.7,926.8,686.9,894.4,2629.3,86.0,75.1,65.0
2009-02-08,15/9-F-11B,312.6,948.9,674.6,884.8,2610.7,85.0,75.2,65.0
2009-02-09,15/9-F-11B,389.8,1191.9,680.1,891.8,2625.3,84.7,75.4,65.0
2009-02-10,15/9-F-11B,306.9,945.3,662.3,892.9,2628.2,86.7,75.5,65.0
2009-02-11,15/9-F-11B,369.6,1146.8,678.1,895.8,2634.6,85.3,75.6,65.0
2009-02-12,15/9-F-11B,264.8,827.7,706.0,886.1,2615.8,87.8,75.8,65.0
2009-02-13,15/9-F-11B,353.7,1113.7,680.9,876.0,2596.3,85.1,75.9,65.0
2009-02-14,15/9-F-11B,330.5,1048.2,680.1,895.9,2636.5,85.4,76.0,65.0
2009-02-15,15/9-F-11B,354.1,1131.0,688.4,891.7,2628.7,85.0,76.2,65.0
2009-02-16,15/9-F-11B,332.1,1068.4,659.4,874.1,2594.1,84.3,76.3,65.0
2009-02-17,15/9-F-11B,288.9,936.0,666.2,870.2,2587.1,86.1,76.4,65.0
2009-02-18,15/9-F-11B,330.9,1079.3,692.6,896.5,2640.2,85.3,76.5,65.0
2009-02-19,15/9-F-11B,333.0,1093.8,705.6,864.5,2576.9,84.1,76.7,65.0
2009-02-20,15/9-F-11B,398.4,1317.6,672.2,885.5,2619.5,85.9,76.8,65.0
2009-02-21,15/9-F-11B,365.1,1215.8,680.1,870.7,2590.4,86.5,76.9,65.0
2009-02-22,15/9-F-11B,262.8,881.1,683.6,868.7,2586.9,85.7,77.0,65.0
2009-02-23,15/9-F-11B,253.5,855.5,643.8,887.8,2625.8,87.4,77.1,65.0
2009-02-24,15/9-F-11B,335.8,1140.8,705.4,864.0,2578.8,86.2,77.3,65.0
2009-02-25,15/9-F-11B,358.7,1226.8,683.4,885.2,2621.9,85.2,77.4,65.0
2009-02-26,15/9-F-11B,327.1,1125.9,679.9,863.6,2579.2,85.1,77.5,65.0
2009-02-27,15/9-F-11B,346.6,1200.9,685.3,868.7,2590.0,86.2,77.6,65.0
2009-02-28,15/9-F-11B,291.1,1015.3,680.1,877.7,2608.5,86.3,77.7,65.0
2009-02-28,15/9-F-11B,302.6,1062.1,698.9,860.2,2574.1,85.8,77.8,65.0
2009-02-28,15/9-F-11B,290.1,1024.6,709.2,867.0,2588.5,85.6,77.9,65.0
2009-02-01,15/9-F-11B,306.1,1088.1,656.1,860.4,2575.8,85.3,78.0,65.0
2009-03-02,15/9-F-11B,265.0,947.8,686.1,856.8,2569.3,85.7,78.1,65.0
2009-03-03,15/9-F-11B,216.6,779.3,685.7,859.2,2574.7,85.9,78.3,65.0
2009-03-04,15/9-F-11B,242.3,877.2,734.8,857.8,2572.5,87.6,78.4,65.0
2009-03-05,15/9-F-11B,237.7,865.9,665.7,866.7,2590.8,86.4,78.5,65.0
2009-03-06,15/9-F-11B,424.7,1556.3,694.0,867.8,2593.6,86.5,78.6,65.0
2009-03-07,15/9-F-11B,260.2,959.4,662.1,849.4,2557.4,85.2,78.7,65.0
2009-03-08,15/9-F-11B,186.4,691.4,668.3,868.3,2595.8,85.5,78.8,65.0
2009-03-09,15/9-F-11B,208.0,776.0,671.0,855.4,2570.6,85.2,78.9,65.0
2009-03-10,15/9-F-11B,359.7,1349.8,711.7,858.9,2578.3,87.1,79.0,65.0
2009-03-11,15/9-F-11B,258.8,976.8,698.1,863.7,2588.3,86.3,79.1,65.0
2009-03-12,15/9-F-11B,231.5,878.6,668.8,862.2,2585.9,85.7,79.1,65.0
2009-03-13,15/9-F-11B,225.8,862.0,653.1,857.1,2576.3,85.8,79.2,65.0
2009-03-14,15/9-F-11B,242.1,929.1,711.3,859.9,2582.5,86.4,79.3,65.0
2009-03-15,15/9-F-11B,356.7,1376.8,683.7,860.8,2584.9,87.6,79.4,65.0
2009-03-16,15/9-F-11B,286.6,1112.2,712.0,866.1,2596.2,87.4,79.5,65.0
2009-03-17,15/9-F-11B,393.2,1534.4,740.4,854.9,2574.3,87.4,79.6,65.0
2009-03-18,15/9-F-11B,245.0,961.1,683.6,839.4,2544.1,86.5,79.7,65.0
2009-03-19,15/9-F-11B,278.9,1100.1,695.4,861.0,2587.8,86.4,79.8,65.0
2009-03-20,15/9-F-11B,323.7,1283.5,680.2,858.2,2582.9,86.7,79.9,65.0
2009-03-21,15/9-F-11B,235.8,939.8,697.3,835.6,2538.2,86.1,79.9,65.0
2009-03-22,15/9-F-11B,306.7,1228.8,726.5,862.1,2591.8,86.3,80.0,65.0
2009-03-23,15/9-F-11B,325.2,1309.8,659.8,855.0,2578.2,86.8,80.1,65.0
2009-03-24,15/9-F-11B,306.4,1240.5,689.1,836.7,2542.2,86.6,80.2,65.0
2009-03-25,15/9-F-11B,334.5,1361.0,663.9,848.4,2566.2,86.7,80.3,65.0
2009-03-26,15/9-F-11B,233.0,952.8,707.4,852.2,2574.4,87.6,80.4,65.0
2009-03-27,15/9-F-11B,325.1,1335.9,701.7,841.1,2552.7,87.1,80.4,65.0
2009-03-28,15/9-F-11B,349.9,1445.2,707.2,841.3,2553.9,89.1,80.5,65.0
2009-03-28,15/9-F-11B,319.8,1327.3,732.6,837.7,2547.2,87.2,80.6,65.0
2009-03-28,15/9-F-11B,260.8,1087.3,719.2,830.7,2533.7,86.4,80.7,65.0
2009-03-01,15/9-F-11B,204.8,857.9,681.4,842.0,2557.0,87.0,80.7,65.0
2009-03-02,15/9-F-11B,341.4,1437.2,682.0,841.9,2557.4,86.5,80.8,65.0
2009-04-03,15/9-F-11B,284.1,1201.4,690.5,834.4,2543.0,87.6,80.9,65.0
2009-04-04,15/9-F-11B,139.8,594.1,697.2,834.4,2543.6,87.4,80.9,65.0
2009-04-05,15/9-F-11B,296.4,1264.9,686.9,823.2,2521.7,87.3,81.0,65.0
2009-04-06,15/9-F-11B,275.6,1181.7,660.0,821.0,2518.1,87.7,81.1,65.0
2009-04-07,15/9-F-11B,312.7,1346.6,653.1,840.5,2557.6,87.5,81.2,65.0
2009-04-08,15/9-F-11B,225.9,977.4,689.0,826.6,2530.5,86.5,81.2,65.0
2009-04-09,15/9-F-11B,249.7,1085.0,706.9,831.3,2540.4,86.9,81.3,65.0
2009-04-10,15/9-F-11B,170.5,744.0,704.5,819.7,2517.7,87.2,81.4,65.0
2009-04-11,15/9-F-11B,221.8,971.9,648.1,833.4,2545.8,88.1,81.4,65.0
2009-04-12,15/9-F-11B,222.9,981.0,673.3,834.3,2548.1,86.6,81.5,65.0
2009-04-13,15/9-F-11B,214.5,948.3,740.7,833.5,2547.1,87.4,81.5,65.0
2009-04-14,15/9-F-11B,350.4,1555.0,656.9,852.2,2585.2,86.3,81.6,65.0
2009-04-15,15/9-F-11B,236.8,1055.3,688.2,824.0,2529.4,87.8,81.7,65.0
2009-04-16,15/9-F-11B,112.2,502.3,717.7,830.9,2543.8,87.9,81.7,65.0
2009-04-17,15/9-F-11B,213.5,959.1,728.7,830.4,2543.5,86.9,81.8,65.0
2009-04-18,15/9-F-11B,220.6,995.3,690.2,825.1,2533.4,86.4,81.9,65.0
2009-04-19,15/9-F-11B,296.0,1340.6,692.6,835.1,2554.1,86.9,81.9,65.0
2009-04-20,15/9-F-11B,180.0,818.3,691.4,824.6,2533.6,87.1,82.0,65.0
2009-04-21,15/9-F-11B,186.4,850.8,628.7,834.7,2554.5,85.5,82.0,65.0
2009-04-22,15/9-F-11B,222.0,1017.2,693.2,823.4,2532.4,87.6,82.1,65.0
2009-04-23,15/9-F-11B,171.9,790.6,672.5,825.3,2536.9,86.2,82.1,65.0
2009-04-24,15/9-F-11B,335.1,1546.7,633.2,816.3,2519.5,88.1,82.2,65.0
2009-04-25,15/9-F-11B,351.2,1627.3,645.3,797.9,2483.2,86.5,82.2,65.0
2009-04-26,15/9-F-11B,240.5,1118.5,672.3,838.6,2565.1,85.5,82.3,65.0
2009-04-27,15/9-F-11B,268.6,1253.3,645.8,813.0,2514.6,87.4,82.4,65.0
2009-04-28,15/9-F-11B,187.6,878.7,710.9,818.5,2526.2,86.1,82.4,65.0
2009-04-28,15/9-F-11B,252.5,1186.7,683.9,804.2,2498.2,86.2,82.5,65.0
2009-04-28,15/9-F-11B,203.9,961.7,696.6,818.3,2526.9,85.8,82.5,65.0
2009-04-01,15/9-F-11B,283.2,1340.4,706.2,817.3,2525.6,86.8,82.6,65.0
2009-04-02,15/9-F-11B,215.1,1021.7,692.5,793.5,2478.5,87.4,82.6,65.0
2009-05-03,15/9-F-11B,128.3,611.2,705.4,810.9,2513.9,87.0,82.7,65.0
2009-05-04,15/9-F-11B,300.0,1434.0,693.4,813.5,2519.8,85.3,82.7,65.0
2009-05-05,15/9-F-11B,207.3,994.2,686.9,803.1,2499.7,88.9,82.7,65.0
2009-05-06,15/9-F-11B,176.8,851.0,678.9,810.5,2515.0,86.1,82.8,65.0
2009-05-07,15/9-F-11B,261.7,1263.6,676.1,808.6,2511.8,86.6,82.8,65.0
2009-05-08,15/9-F-11B,144.7,700.9,709.2,805.6,2506.3,86.2,82.9,65.0
2009-05-09,15/9-F-11B,176.1,855.7,690.9,818.1,2532.0,86.0,82.9,65.0
2009-05-10,15/9-F-11B,210.5,1025.9,703.2,799.3,2495.1,85.7,83.0,65.0
2009-05-11,15/9-F-11B,243.0,1188.0,712.0,813.9,2524.9,84.8,83.0,65.0
2009-05-12,15/9-F-11B,163.2,800.2,720.4,798.9,2495.4,86.6,83.1,65.0
2009-05-13,15/9-F-11B,171.9,845.3,663.0,806.2,2510.5,83.8,83.1,65.0
2009-05-14,15/9-F-11B,203.0,1001.4,700.3,808.2,2515.3,85.7,83.1,65.0
2009-05-15,15/9-F-11B,248.2,1227.9,706.4,803.5,2506.3,85.2,83.2,65.0
2009-05-16,15/9-F-11B,202.4,1004.2,729.5,806.3,2512.5,83.9,83.2,65.0
2009-05-17,15/9-F-11B,214.3,1066.0,684.4,792.1,2484.7,85.9,83.3,65.0
2009-05-18,15/9-F-11B,153.7,766.9,689.7,810.2,2521.7,84.8,83.3,65.0
2009-05-19,15/9-F-11B,181.1,906.3,707.4,793.6,2488.9,86.1,83.3,65.0
2009-05-20,15/9-F-11B,249.8,1253.6,672.9,795.7,2493.8,85.2,83.4,65.0
2009-05-21,15/9-F-11B,155.2,781.0,679.5,790.0,2482.9,86.4,83.4,65.0
2009-05-22,15/9-F-11B,248.9,1255.9,735.1,794.5,2492.5,85.0,83.5,65.0
2009-05-23,15/9-F-11B,278.1,1406.7,713.3,796.0,2496.3,85.7,83.5,65.0
2009-05-24,15/9-F-11B,213.2,1081.0,672.8,788.1,2481.0,85.3,83.5,65.0
2009-05-25,15/9-F-11B,340.9,1733.1,723.5,785.8,2476.9,83.9,83.6,65.0
2009-05-26,15/9-F-11B,136.4,695.5,729.3,790.9,2487.8,85.5,83.6,65.0
2009-05-27,15/9-F-11B,276.6,1413.7,689.6,791.2,2489.0,85.4,83.6,65.0
2009-05-28,15/9-F-11B,200.3,1026.3,707.4,788.5,2484.3,85.9,83.7,65.0
2009-05-28,15/9-F-11B,202.0,1037.6,693.7,791.0,2489.9,84.9,83.7,65.0
2009-05-28,15/9-F-11B,184.3,948.7,698.4,779.4,2467.2,85.1,83.7,65.0
2009-05-01,15/9-F-11B,267.6,1381.1,704.3,786.3,2481.5,85.3,83.8,65.0
2009-05-02,15/9-F-11B,220.8,1142.1,694.7,780.9,2471.4,83.9,83.8,65.0
2009-05-03,15/9-F-11B,266.5,1381.7,695.5,782.6,2475.3,84.7,83.8,65.0
2009-06-04,15/9-F-11B,181.0,940.7,727.3,787.6,2486.0,84.0,83.9,65.0
2009-06-05,15/9-F-11B,358.1,1865.4,686.3,773.8,2459.0,83.3,83.9,65.0
2009-06-06,15/9-F-11B,191.7,1000.7,686.1,793.6,2499.2,84.3,83.9,65.0
2009-06-07,15/9-F-11B,180.6,944.8,685.9,772.6,2457.7,82.8,84.0,65.0
2009-06-08,15/9-F-11B,191.3,1003.5,687.2,784.2,2481.6,84.3,84.0,65.0
2009-06-09,15/9-F-11B,182.5,959.3,744.5,772.4,2458.7,84.4,84.0,65.0
2009-06-10,15/9-F-11B,202.3,1065.5,662.0,771.2,2456.8,83.8,84.0,65.0
2009-06-11,15/9-F-11B,168.8,890.8,683.7,767.5,2450.0,84.6,84.1,65.0
2009-06-12,15/9-F-11B,184.0,973.4,697.1,776.1,2467.9,84.8,84.1,65.0
2009-06-13,15/9-F-11B,214.4,1136.4,716.2,780.2,2476.6,84.9,84.1,65.0
2009-06-14,15/9-F-11B,203.0,1078.2,743.6,771.8,2460.3,81.6,84.2,65.0
2009-06-15,15/9-F-11B,270.3,1438.2,692.0,773.7,2464.8,83.7,84.2,65.0
2009-06-16,15/9-F-11B,131.5,701.0,712.9,780.3,2478.6,83.4,84.2,65.0
2009-06-17,15/9-F-11B,203.5,1087.3,652.1,777.6,2473.8,83.7,84.2,65.0
2009-06-18,15/9-F-11B,182.9,978.9,682.5,762.1,2443.4,81.8,84.3,65.0
2009-06-19,15/9-F-11B,208.1,1116.0,664.0,774.5,2468.9,82.4,84.3,65.0
2009-06-20,15/9-F-11B,187.9,1009.8,675.0,762.1,2444.6,83.5,84.3,65.0
2009-06-21,15/9-F-11B,199.1,1072.0,706.9,770.9,2462.8,83.3,84.3,65.0
2009-06-22,15/9-F-11B,224.1,1208.8,704.8,769.8,2461.2,82.8,84.4,65.0
2009-06-23,15/9-F-11B,257.1,1388.9,735.3,766.5,2455.2,84.3,84.4,65.0
2009-06-24,15/9-F-11B,165.1,893.6,686.0,770.4,2463.6,84.0,84.4,65.0
2009-06-25,15/9-F-11B,212.1,1150.2,719.4,752.2,2427.8,82.5,84.4,65.0
2009-06-26,15/9-F-11B,231.9,1259.8,728.0,762.4,2448.8,83.1,84.5,65.0
2009-06-27,15/9-F-11B,209.2,1138.1,699.7,756.4,2437.4,82.1,84.5,65.0
2009-06-28,15/9-F-11B,120.7,657.6,690.8,766.5,2458.3,82.2,84.5,65.0
2009-06-28,15/9-F-11B,129.8,708.5,700.9,763.0,2451.9,83.3,84.5,65.0
2009-06-28,15/9-F-11B,194.3,1062.7,695.6,760.0,2446.4,81.3,84.5,65.0
2009-06-01,15/9-F-11B,183.8,1007.0,663.8,772.9,2472.8,81.8,84.6,65.0
2009-06-02,15/9-F-11B,193.9,1064.1,730.7,750.1,2427.8,81.3,84.6,65.0
2009-06-03,15/9-F-11B,250.1,1374.2,697.7,747.1,2422.5,81.1,84.6,65.0
2009-07-04,15/9-F-11B,159.2,876.3,697.1,763.0,2454.9,80.2,84.6,65.0
2009-07-05,15/9-F-11B,128.3,707.1,720.5,771.1,2471.7,80.8,84.6,65.0
2009-07-06,15/9-F-11B,185.0,1021.6,724.6,760.6,2451.3,82.1,84.7,65.0
2009-07-07,15/9-F-11B,187.1,1034.2,685.0,747.8,2426.2,81.9,84.7,65.0
2009-07-08,15/9-F-11B,224.0,1240.1,745.4,751.0,2433.1,82.2,84.7,65.0
2009-07-09,15/9-F-11B,188.4,1044.9,704.2,752.3,2436.3,80.3,84.7,65.0
2009-07-10,15/9-F-11B,137.9,766.0,675.8,742.9,2418.2,80.7,84.7,65.0
2009-07-11,15/9-F-11B,203.7,1132.8,684.3,751.8,2436.7,81.8,84.8,65.0
2009-07-12,15/9-F-11B,184.3,1026.1,678.4,760.3,2454.2,81.7,84.8,65.0
2009-07-13,15/9-F-11B,183.6,1023.8,669.1,742.5,2419.3,82.3,84.8,65.0
2009-07-14,15/9-F-11B,199.3,1113.1,718.4,754.4,2443.7,81.1,84.8,65.0
2009-07-15,15/9-F-11B,155.7,870.6,705.3,746.4,2428.2,79.8,84.8,65.0
2009-07-16,15/9-F-11B,171.2,958.5,672.6,748.9,2433.9,81.5,84.8,65.0
2009-07-17,15/9-F-11B,55.9,313.6,736.0,740.8,2418.2,80.9,84.9,65.0
2009-07-18,15/9-F-11B,201.0,1128.7,718.5,738.6,2414.3,80.9,84.9,65.0
2009-07-19,15/9-F-11B,216.2,1215.5,740.3,744.8,2427.3,80.7,84.9,65.0
2009-07-20,15/9-F-11B,180.3,1014.7,719.7,740.1,2418.6,80.5,84.9,65.0
2009-07-21,15/9-F-11B,188.6,1062.8,735.0,747.7,2434.5,79.4,84.9,65.0
2009-07-22,15/9-F-11B,178.6,1007.7,711.1,753.2,2446.0,80.3,84.9,65.0
2009-07-23,15/9-F-11B,130.1,735.0,744.0,740.2,2420.6,80.9,85.0,65.0
2009-07-24,15/9-F-11B,143.1,809.3,728.8,740.9,2422.5,80.6,85.0,65.0
2009-07-25,15/9-F-11B,153.7,870.6,696.2,738.3,2417.9,79.2,85.0,65.0
2009-07-26,15/9-F-11B,157.7,894.3,711.0,738.1,2418.1,80.0,85.0,65.0
2009-07-27,15/9-F-11B,184.5,1047.0,681.3,739.7,2422.0,79.4,85.0,65.0
2009-07-28,15/9-F-11B,163.7,930.1,701.5,733.1,2409.4,79.6,85.0,65.0
2009-07-28,15/9-F-11B,187.0,1063.8,668.9,734.4,2412.7,79.7,85.0,65.0
2009-07-28,15/9-F-11B,194.9,1109.8,694.2,734.5,2413.4,79.9,85.1,65.0
2009-07-01,15/9-F-11B,265.2,1512.1,684.3,745.0,2435.0,79.0,85.1,65.0
2009-07-02,15/9-F-11B,132.4,755.7,734.1,729.5,2404.6,78.8,85.1,65.0
2009-07-03,15/9-F-11B,230.8,1318.4,683.1,727.8,2401.7,80.8,85.1,65.0
2009-07-04,15/9-F-11B,119.1,681.1,704.8,743.4,2433.7,79.5,85.1,65.0
2009-08-05,15/9-F-11B,126.2,722.4,724.9,728.6,2404.6,78.7,85.1,65.0
2009-08-06,15/9-F-11B,205.8,1179.6,718.5,725.1,2398.2,78.3,85.1,65.0
2009-08-07,15/9-F-11B,193.3,1108.8,736.6,723.7,2395.9,79.6,85.2,65.0
2009-08-08,15/9-F-11B,157.7,905.4,690.5,727.0,2403.2,80.3,85.2,65.0
2009-08-09,15/9-F-11B,150.8,867.0,749.9,721.3,2392.5,79.8,85.2,65.0
2009-08-10,15/9-F-11B,136.0,782.5,730.7,734.4,2419.2,79.3,85.2,65.0
2009-08-11,15/9-F-11B,198.3,1141.9,734.5,715.9,2382.9,78.9,85.2,65.0
2009-08-12,15/9-F-11B,164.4,947.7,707.3,720.0,2391.5,79.7,85.2,65.0
2009-08-13,15/9-F-11B,154.9,893.9,694.1,724.6,2401.4,78.9,85.2,65.0
2009-08-14,15/9-F-11B,198.5,1146.5,712.3,727.9,2408.6,78.9,85.2,65.0
2009-08-15,15/9-F-11B,165.4,956.0,725.3,719.4,2392.2,79.7,85.3,65.0
2009-08-16,15/9-F-11B,141.0,815.4,699.7,720.5,2394.9,79.6,85.3,65.0
2009-08-17,15/9-F-11B,72.9,421.9,724.9,707.6,2369.8,78.9,85.3,65.0
2009-08-18,15/9-F-11B,227.4,1317.9,716.7,736.3,2427.9,77.3,85.3,65.0
2009-08-19,15/9-F-11B,118.9,689.3,696.2,696.2,2348.2,78.5,85.3,65.0
2009-08-20,15/9-F-11B,148.9,864.3,697.9,698.8,2354.0,77.5,85.3,65.0
2009-08-21,15/9-F-11B,171.8,997.8,674.4,716.0,2389.0,78.8,85.3,65.0
2009-08-22,15/9-F-11B,153.7,893.6,751.5,711.0,2379.7,76.1,85.3,65.0
2009-08-23,15/9-F-11B,179.0,1041.8,718.1,710.4,2378.9,77.7,85.3,65.0
2009-08-24,15/9-F-11B,69.7,405.8,744.3,710.3,2379.5,79.1,85.3,65.0
2009-08-25,15/9-F-11B,156.0,909.3,726.0,711.9,2383.2,79.3,85.4,65.0
2009-08-26,15/9-F-11B,177.7,1036.5,769.1,714.4,2388.9,78.0,85.4,50.0
2009-08-27,15/9-F-11B,240.7,1405.1,725.0,708.8,2378.2,78.8,85.4,50.0
2009-08-28,15/9-F-11B,137.1,801.0,727.6,722.6,2406.4,78.8,85.4,50.0
2009-08-28,15/9-F-11B,114.6,669.7,674.2,710.7,2383.1,77.1,85.4,50.0
2009-08-28,15/9-F-11B,124.0,725.4,728.5,717.0,2396.4,77.6,85.4,50.0
2009-08-01,15/9-F-11B,138.5,810.6,706.7,702.3,2367.6,77.6,85.4,50.0
2009-08-02,15/9-F-11B,129.3,757.7,745.5,703.8,2371.1,78.5,85.4,50.0
2009-08-03,15/9-F-11B,215.5,1263.1,732.9,697.9,2359.9,77.7,85.4,50.0
2009-08-04,15/9-F-11B,103.5,607.3,721.5,715.8,2396.4,78.0,85.4,50.0
2009-09-05,15/9-F-11B,111.5,654.6,728.8,706.7,2378.8,77.6,85.4,50.0
2009-09-06,15/9-F-11B,190.6,1119.6,679.0,698.5,2363.0,77.9,85.5,50.0
2009-09-07,15/9-F-11B,189.1,1111.4,716.6,686.7,2340.1,77.4,85.5,50.0
2009-09-08,15/9-F-11B,173.4,1019.9,710.5,711.1,2389.4,78.8,85.5,50.0
2009-09-09,15/9-F-11B,189.2,1113.3,704.7,688.1,2343.9,76.8,85.5,50.0
2009-09-10,15/9-F-11B,194.1,1143.1,666.6,697.3,2363.0,77.1,85.5,50.0
2009-09-11,15/9-F-11B,134.3,791.3,713.3,684.2,2337.5,77.1,85.5,50.0
2009-09-12,15/9-F-11B,163.1,961.8,716.3,689.8,2349.1,76.7,85.5,50.0
2009-09-13,15/9-F-11B,128.3,756.7,761.5,697.4,2365.0,78.4,85.5,50.0
2009-09-14,15/9-F-11B,155.7,919.2,695.5,699.6,2370.1,77.2,85.5,50.0
2009-09-15,15/9-F-11B,173.0,1022.0,700.3,701.8,2375.1,77.6,85.5,50.0
2009-09-16,15/9-F-11B,73.5,434.5,717.8,685.3,2342.5,77.2,85.5,50.0
2009-09-17,15/9-F-11B,172.3,1018.7,686.8,697.5,2367.5,77.3,85.5,50.0
2009-09-18,15/9-F-11B,127.6,755.1,720.6,689.9,2353.1,76.1,85.5,50.0
2009-09-19,15/9-F-11B,206.2,1220.6,715.2,687.8,2349.3,77.4,85.5,50.0
2009-09-20,15/9-F-11B,169.0,1000.9,706.6,691.4,2357.2,78.3,85.6,50.0
2009-09-21,15/9-F-11B,145.0,859.3,711.9,678.5,2331.9,77.6,85.6,50.0
2009-09-22,15/9-F-11B,99.7,591.4,711.0,678.3,2332.3,77.7,85.6,50.0
2009-09-23,15/9-F-11B,175.5,1041.3,763.6,690.3,2356.8,77.6,85.6,50.0
2009-09-24,15/9-F-11B,161.7,959.8,720.4,688.4,2353.7,76.5,85.6,50.0
2009-09-25,15/9-F-11B,170.8,1014.4,722.4,684.4,2346.1,76.7,85.6,50.0
2009-09-26,15/9-F-11B,123.4,733.4,736.6,674.9,2327.8,77.4,85.6,50.0
2009-09-27,15/9-F-11B,185.8,1104.1,737.8,693.0,2364.6,76.4,85.6,50.0
2009-09-28,15/9-F-11B,192.6,1145.5,656.6,673.6,2326.5,77.1,85.6,50.0
2009-09-28,15/9-F-11B,134.9,802.4,670.6,674.1,2328.0,76.9,85.6,50.0
2009-09-28,15/9-F-11B,162.3,966.0,709.9,694.3,2369.0,78.2,85.6,50.0
2009-09-01,15/9-F-11B,112.2,668.1,710.6,660.4,2301.7,75.4,85.6,50.0
2009-09-02,15/9-F-11B,107.9,642.6,676.8,671.4,2324.4,76.7,85.6,50.0
2009-09-03,15/9-F-11B,183.4,1093.3,719.9,672.5,2327.3,76.2,85.6,50.0
2009-09-04,15/9-F-11B,138.7,827.0,727.1,663.4,2309.6,74.9,85.6,50.0
2009-09-05,15/9-F-11B,194.1,1158.1,702.8,677.5,2338.5,77.0,85.6,50.0
2009-10-06,15/9-F-11B,146.3,873.0,694.0,671.9,2327.7,76.3,85.6,50.0
2009-10-07,15/9-F-11B,144.6,863.7,730.6,668.9,2322.5,76.6,85.7,50.0
2009-10-08,15/9-F-11B,132.0,788.4,722.0,674.0,2333.1,78.3,85.7,50.0
2009-10-09,15/9-F-11B,233.9,1397.9,691.7,679.1,2343.9,76.2,85.7,50.0
2009-10-10,15/9-F-11B,114.8,686.0,725.8,674.7,2335.8,77.8,85.7,50.0
2009-10-11,15/9-F-11B,135.3,809.4,721.9,669.1,2325.2,77.2,85.7,50.0
2009-10-12,15/9-F-11B,167.5,1001.8,681.7,657.5,2302.6,77.3,85.7,50.0
2009-10-13,15/9-F-11B,240.6,1440.1,741.9,666.8,2321.9,76.3,85.7,50.0
2009-10-14,15/9-F-11B,217.1,1299.6,726.4,670.2,2329.3,76.5,85.7,50.0
2009-10-15,15/9-F-11B,201.1,1204.7,721.5,670.0,2329.5,76.6,85.7,50.0
2009-10-16,15/9-F-11B,55.8,334.6,729.0,671.8,2333.6,76.7,85.7,50.0
2009-10-17,15/9-F-11B,181.9,1090.2,689.1,660.1,2310.7,78.6,85.7,50.0
2009-10-18,15/9-F-11B,149.4,895.8,750.1,674.3,2339.8,78.4,85.7,50.0
2009-10-19,15/9-F-11B,139.0,833.6,736.1,674.9,2341.6,77.0,85.7,50.0
2009-10-20,15/9-F-11B,160.1,960.9,753.4,664.2,2320.7,77.4,85.7,50.0
2009-10-21,15/9-F-11B,173.9,1044.1,750.1,653.4,2299.7,77.2,85.7,50.0
2009-10-22,15/9-F-11B,79.4,476.5,711.0,658.5,2310.6,77.7,85.7,50.0
2009-10-23,15/9-F-11B,212.1,1273.9,713.4,664.1,2322.4,78.1,85.7,50.0
2009-10-24,15/9-F-11B,153.9,924.6,705.3,668.4,2331.5,77.4,85.7,50.0
2009-10-25,15/9-F-11B,128.8,773.9,715.0,660.6,2316.6,76.8,85.7,50.0
2009-10-26,15/9-F-11B,141.7,851.8,742.8,646.7,2289.3,77.2,85.7,50.0
2009-10-27,15/9-F-11B,218.4,1313.8,702.9,650.5,2297.6,76.8,85.7,50.0
2009-10-28,15/9-F-11B,137.1,824.8,707.1,657.3,2311.8,77.6,85.7,50.0
2009-10-28,15/9-F-11B,195.6,1177.3,720.3,642.5,2282.7,77.5,85.8,50.0
2009-10-28,15/9-F-11B,112.1,675.1,688.4,670.2,2338.8,77.5,85.8,50.0
2009-10-01,15/9-F-11B,207.6,1250.2,736.7,642.2,2283.3,77.3,85.8,50.0
2009-10-02,15/9-F-11B,161.2,970.8,707.6,645.3,2290.3,77.5,85.8,50.0
2009-10-03,15/9-F-11B,93.4,562.9,695.4,663.4,2326.9,77.7,85.8,50.0
2009-10-04,15/9-F-11B,109.5,659.9,725.2,648.7,2298.3,79.1,85.8,50.0
2009-10-05,15/9-F-11B,121.1,729.9,726.5,654.7,2310.7,76.9,85.8,50.0
2009-11-06,15/9-F-11B,143.1,863.0,720.1,653.4,2308.7,78.6,85.8,50.0
2009-11-07,15/9-F-11B,170.6,1028.8,738.6,655.1,2312.8,76.9,85.8,50.0
2009-11-08,15/9-F-11B,178.6,1077.4,742.2,650.4,2303.9,77.4,85.8,50.0
2009-11-09,15/9-F-11B,193.6,1168.5,725.0,656.4,2316.7,77.2,85.8,50.0
2009-11-10,15/9-F-11B,181.5,1095.5,739.6,647.3,2299.0,77.5,85.8,50.0
2009-11-11,15/9-F-11B,187.9,1134.6,724.0,639.4,2283.8,79.1,85.8,50.0
2009-11-12,15/9-F-11B,169.0,1020.7,720.5,648.6,2302.7,76.9,85.8,50.0
2009-11-13,15/9-F-11B,150.4,908.8,690.8,634.2,2274.7,75.9,85.8,50.0
2009-11-14,15/9-F-11B,66.7,402.8,718.4,636.0,2278.9,77.7,85.8,50.0
2009-11-15,15/9-F-11B,145.7,880.5,711.1,645.8,2299.1,78.6,85.8,50.0
2009-11-16,15/9-F-11B,143.4,866.8,729.5,646.8,2301.5,79.1,85.8,50.0
2009-11-17,15/9-F-11B,90.7,548.6,711.2,651.8,2312.2,77.4,85.8,50.0
2009-11-18,15/9-F-11B,159.9,967.2,728.9,633.4,2276.0,77.5,85.8,50.0
2009-11-19,15/9-F-11B,201.4,1218.4,719.9,640.3,2290.4,79.3,85.8,50.0
2009-11-20,15/9-F-11B,152.2,921.0,697.1,623.8,2257.9,78.0,85.8,50.0
2009-11-21,15/9-F-11B,136.9,828.8,695.7,630.2,2271.4,78.7,85.8,50.0
2009-11-22,15/9-F-11B,107.2,649.2,731.5,630.1,2271.8,78.6,85.8,50.0
2009-11-23,15/9-F-11B,95.8,580.0,711.5,623.3,2258.8,79.2,85.8,50.0
2009-11-24,15/9-F-11B,173.0,1047.6,728.6,627.2,2267.3,79.1,85.8,50.0
2009-11-25,15/9-F-11B,126.1,763.8,658.9,629.1,2271.6,78.9,85.8,50.0
2009-11-26,15/9-F-11B,152.9,926.5,708.1,629.1,2272.2,79.0,85.8,50.0
2009-11-27,15/9-F-11B,148.2,898.1,693.5,623.4,2261.3,77.9,85.8,50.0
2009-11-28,15/9-F-11B,131.1,794.5,721.2,622.6,2260.3,78.0,85.8,50.0
2009-11-28,15/9-F-11B,243.1,1474.0,699.8,615.1,2246.0,77.9,85.8,50.0
2009-11-28,15/9-F-11B,123.2,747.0,697.6,626.7,2269.8,80.5,85.8,50.0
2009-11-01,15/9-F-11B,152.6,925.6,743.2,646.8,2310.6,78.3,85.8,50.0
2009-11-02,15/9-F-11B,114.4,694.1,744.9,621.1,2259.9,78.0,85.8,50.0
2009-11-03,15/9-F-11B,173.5,1052.4,712.7,632.7,2283.6,78.3,85.9,50.0
2009-11-04,15/9-F-11B,157.6,956.7,690.7,628.0,2274.9,79.1,85.9,50.0
2009-11-05,15/9-F-11B,111.1,674.5,715.3,625.9,2271.2,78.1,85.9,50.0
2009-11-06,15/9-F-11B,194.3,1179.7,734.9,626.1,2272.2,78.8,85.9,50.0
2009-12-07,15/9-F-11B,131.9,800.7,715.4,610.0,2240.6,80.0,85.9,50.0
2009-12-08,15/9-F-11B,71.6,435.0,703.1,616.4,2254.0,80.4,85.9,50.0
2009-12-09,15/9-F-11B,194.1,1179.1,717.7,612.7,2247.2,79.8,85.9,50.0
2009-12-10,15/9-F-11B,129.7,787.7,696.4,626.7,2275.7,80.2,85.9,50.0
2009-12-11,15/9-F-11B,116.2,706.2,744.0,616.7,2256.4,80.5,85.9,50.0
2009-12-12,15/9-F-11B,178.0,1081.7,728.5,629.1,2281.9,80.2,85.9,50.0
2009-12-13,15/9-F-11B,121.1,735.9,760.5,620.4,2265.1,79.3,85.9,50.0
2009-12-14,15/9-F-11B,125.9,765.4,728.9,615.4,2255.6,81.5,85.9,50.0
2009-12-15,15/9-F-11B,176.2,1071.5,717.0,623.6,2272.7,78.7,85.9,50.0
2009-12-16,15/9-F-11B,102.2,621.7,721.1,604.8,2235.6,80.3,85.9,50.0
2009-12-17,15/9-F-11B,150.5,915.3,688.9,604.0,2234.5,81.1,85.9,50.0
2009-12-18,15/9-F-11B,169.8,1032.9,714.0,619.9,2267.1,80.2,85.9,50.0
2009-12-19,15/9-F-11B,127.3,774.6,701.5,615.3,2258.3,80.9,85.9,50.0
2009-12-20,15/9-F-11B,169.6,1032.0,734.8,600.4,2229.3,82.3,85.9,50.0
2009-12-21,15/9-F-11B,211.0,1284.2,752.1,610.3,2249.6,80.2,85.9,50.0
2009-12-22,15/9-F-11B,141.8,863.2,724.9,605.9,2241.4,80.1,85.9,50.0
2009-12-23,15/9-F-11B,101.7,618.8,678.4,600.5,2231.3,80.1,85.9,50.0
2009-12-24,15/9-F-11B,134.2,816.7,784.2,606.4,2243.6,80.3,85.9,50.0
2009-12-25,15/9-F-11B,126.7,771.3,728.2,603.2,2237.8,80.7,85.9,50.0
2009-12-26,15/9-F-11B,131.6,801.5,752.8,596.3,2224.5,80.5,85.9,50.0
2009-12-27,15/9-F-11B,103.2,628.5,701.9,611.7,2256.0,81.1,85.9,50.0
2009-12-28,15/9-F-11B,180.5,1099.2,670.7,613.5,2260.3,80.8,85.9,50.0
2009-12-28,15/9-F-11B,112.0,682.3,743.2,594.9,2223.7,80.9,85.9,50.0
2009-12-28,15/9-F-11B,153.2,933.4,741.1,605.3,2245.0,79.3,85.9,50.0
2009-12-01,15/9-F-11B,206.0,1255.3,717.9,605.2,2245.4,81.4,85.9,50.0
2009-12-02,15/9-F-11B,131.4,800.8,725.2,595.8,2227.2,82.8,85.9,50.0
2009-12-03,15/9-F-11B,107.8,657.3,700.4,599.6,2235.5,81.8,85.9,50.0
2009-12-04,15/9-F-11B,135.5,826.0,713.5,589.2,2215.1,81.0,85.9,50.0
2009-12-05,15/9-F-11B,144.2,879.2,735.8,588.3,2213.9,83.1,85.9,50.0
